Workbook

Sheet Overview
A1: Excel_Functions_Practice.xlsx | Complete Practice Workbook
A2: Anudip Foundation — Excel Functions (Parts I, II & III) | For Learner & Trainer Use
A4: YELLOW cell | B4: Task instruction — read and follow the step
A5: GREEN cell | B5: Your formula goes HERE — type in this cell
A6: Blue-tinted cell | B6: Pre-filled data — do not edit
A7: White with border | B7: Empty work area — type answers or formulas here
A8: Red-tinted cell | B8: Important caution or warning
A10: Sheet | B10: Part / Topic | C10: Functions Practiced
A11: Part_I_Data | B11: Part I — Logical & Conditional | C11: AND/OR/NOT, Nested IF, SUMIFS/AVERAGEIFS/COUNTIFS
A12: Summary_P1 | B12: Part I — Summary Exercise Area | C12: Pre-built summary table for COUNTIFS/SUMIFS tasks
A13: Part_II_Data | B13: Part II — Lookup & Reference | C13: VLOOKUP, HLOOKUP, MATCH, INDEX, INDEX+MATCH, XLOOKUP
A14: Product_Catalog | B14: Part II — HLOOKUP Table | C14: Horizontal table: months x products
A15: Manager_Table | B15: Part II — Manager Lookup | C15: MATCH and INDEX+MATCH on manager data
A16: Part_III_Data | B16: Part III — TRANSPOSE & Date/Time | C16: TRANSPOSE, TODAY/NOW, DATE, DATEDIF, EOMONTH, NETWORKDAYS, etc.
A17: Summary_All | B17: Capstone — Full Series Dashboard | C17: Integrates Part I+II+III formulas into one dashboard

Sheet Part_I_Data
A1: Part I — Employee Dataset | Exercises: AND/OR/NOT, Nested Functions, SUMIFS/AVERAGEIFS/COUNTIFS
A2: Do NOT edit columns A-K. Type your exercise formulas in columns J onwards (yellow headers).
A3: Emp_ID | B3: Employee Name | C3: Department | D3: Score | E3: Attendance % | F3: Salary | G3: Join Year | H3: Region | I3: Status | J3: Scholarship Eligible | K3: Priority Review | L3: Active Flag | M3: Bonus Eligible | N3: Grade | O3: Above Avg Flag | P3: Top Performer | Q3: Tier
A4: E001 | B4: Ananya Sharma | C4: HR | D4: 82 | E4: 0.66 | F4: 54048 | G4: 2019 | H4: North | I4: Active
A5: E002 | B5: Ravi Kumar | C5: Sales | D5: 48 | E5: 0.88 | F5: 29395 | G5: 2022 | H5: South | I5: Active
A6: E003 | B6: Priya Menon | C6: IT | D6: 47 | E6: 0.7 | F6: 84237 | G6: 2022 | H6: East | I6: Active
A7: E004 | B7: Vikram Singh | C7: Finance | D7: 87 | E7: 0.87 | F7: 72987 | G7: 2019 | H7: West | I7: Active
A8: E005 | B8: Sara Khan | C8: Ops | D8: 93 | E8: 0.95 | F8: 38926 | G8: 2023 | H8: North | I8: Active
A9: E006 | B9: Arjun Patel | C9: HR | D9: 51 | E9: 0.7 | F9: 62118 | G9: 2018 | H9: South | I9: Active
A10: E007 | B10: Meera Iyer | C10: Sales | D10: 64 | E10: 0.94 | F10: 52671 | G10: 2024 | H10: East | I10: Active
A11: E008 | B11: Kiran Rao | C11: IT | D11: 76 | E11: 0.67 | F11: 67615 | G11: 2018 | H11: West | I11: Inactive
A12: E009 | B12: Sneha Pillai | C12: Finance | D12: 81 | E12: 0.96 | F12: 65400 | G12: 2022 | H12: North | I12: Inactive
A13: E010 | B13: Rohit Das | C13: Ops | D13: 44 | E13: 0.87 | F13: 55930 | G13: 2018 | H13: South | I13: Active
A14: E011 | B14: Deepa Nair | C14: HR | D14: 66 | E14: 0.73 | F14: 65819 | G14: 2019 | H14: East | I14: Active
A15: E012 | B15: Manoj Verma | C15: Sales | D15: 84 | E15: 0.72 | F15: 27358 | G15: 2022 | H15: West | I15: Active
... A33: E030 | B33: Aditya Kumar | C33: Ops | D33: 70 | E33: 0.96 | F33: 77177 | G33: 2018 | H33: South | I33: Active
J34: ← Exercise 1 Task 1 - AND | K34: ← Exercise 1 Task 2 - OR | L34: ← Exercise 1 Task 3 - NOT | M34: ← Exercise 1 Task 4 - Combined | N34: ← Exercise 2 Task 1 - Nested IF | O34: ← Exercise 2 Task 2 - Nested AVG | P34: ← Exercise 2 Task 3 - MAX | Q34: ← Exercise 2 Task 4 - AND+IFS
A36: EXERCISE INSTRUCTIONS — Type your formulas in the purple-headed columns above
A37: Ex1 T1 — AND (col J): | B37: =IF(AND(D4>=75,E4>=0.8),"Eligible","Not Eligible") drag to j33. count eligible: =COUNTIF(J4:J33,"Eligible") -> #ERROR!
A38: Ex1 T2 — OR (col K): | B38: =IF(OR(D4<50,E4<0.7),"Review","OK") drag to k33. -> #ERROR!
A39: Ex1 T3 — NOT (col L): | B39: =IF(NOT(I4="Inactive"),"Process","Skip") drag to l33. -> #ERROR!
A40: Ex1 T4 — COMBINED (col M): | B40: =IF(OR(AND(D4>80,E4>=0.9),AND(H4="North",F4<30000)),"Bonus","No Bonus") drag to m33. -> #ERROR!
A41: Ex2 T1 — Grade (col N): | B41: =IF(D4>=80,"A",IF(D4>=60,"B",IF(D4>=40,"C","D"))) drag to n33. try ifs version too. -> #ERROR!
A42: Ex2 T2 — Above Avg (col O): | B42: =IF(D4>AVERAGE($D$4:$D$33),"Above Avg","At/Below Avg") drag to o33. -> #ERROR!
A43: Ex2 T3 — Top Performer (col P): | B43: =IF(D4=MAX($D$4:$D$33),"Top Performer","") drag to p33. -> #ERROR!
A44: Ex2 T4 — Tier (col Q): | B44: =ifs(AND(D4>=80,E4>=0.85),"Tier 1",AND(D4>=60,E4>=0.75),"Tier 2",TRUE(),"Tier 3") drag to q33. -> #ERROR!

Sheet Summary_P1
A1: Summary Exercise — SUMIFS, AVERAGEIFS, COUNTIFS
A2: Complete the green cells with COUNTIFS / SUMIFS / AVERAGEIFS formulas. Reference Part_I_Data for all ranges.
A3: Task | B3: Your Formula (green cell) | C3: Question
A4: S1 — COUNTIFS | C4: How many employees are in the Sales department?
A5: Expected formula: | B5: =COUNTIFS(Part_I_Data!C4:C33,"Sales") -> 6
A6: S2 — COUNTIFS (2 criteria) | C6: How many Active employees scored more than 70?
A7: Expected formula: | B7: =COUNTIFS(Part_I_Data!I4:I33,"Active",Part_I_Data!D4:D33,">70") -> 11
A8: S3 — COUNTIFS (3 criteria) | C8: How many IT employees in North region who joined after 2020?
A9: Expected formula: | B9: =COUNTIFS(Part_I_Data!C4:C33,"IT",Part_I_Data!H4:H33,"North",Part_I_Data!G4:G33,">2020") -> 1
A10: S4 — COUNTIFS (same column twice) | C10: How many employees have score between 60 and 80 inclusive?
A11: Expected formula: | B11: =COUNTIFS(Part_I_Data!D4:D33,">=60",Part_I_Data!D4:D33,"<=80") -> 10
A12: S5 — SUMIFS | C12: Total salary for HR employees in South region?
A13: Expected formula: | B13: =SUMIFS(Part_I_Data!F4:F33,Part_I_Data!C4:C33,"HR",Part_I_Data!H4:H33,"South") -> 90440
A14: S6 — SUMIFS (2 criteria) | C14: Total salary for Active employees with score >= 80?
A15: Expected formula: | B15: =SUMIFS(Part_I_Data!F4:F33,Part_I_Data!I4:I33,"Active",Part_I_Data!D4:D33,">=80") -> 412457
A16: S7 — AVERAGEIFS | C16: Average score of Active Finance employees?
A17: Expected formula: | B17: =AVERAGEIFS(Part_I_Data!D4:D33,Part_I_Data!C4:C33,"Finance",Part_I_Data!I4:I33,"Active") -> 79.333333
A18: S8 — AVERAGEIFS (2 criteria) | C18: Average salary in Ops dept for attendance >= 85%?
A19: Expected formula: | B19: =AVERAGEIFS(Part_I_Data!F4:F33,Part_I_Data!C4:C33,"Ops",Part_I_Data!E4:E33,">=0.85") -> 63518.75
A22: DYNAMIC DASHBOARD — Type Dept in E4 and Region in E5. Formulas auto-update.
A23: Department Filter: | B23: Sales
A24: Region Filter: | B24: North
A25: Count (filtered): | B25: =COUNTIFS(Part_I_Data!C4:C33,E4,Part_I_Data!H4:H33,E5) -> 0 | C25: ← Change E4/E5 to see live results
A26: Total Salary: | B26: =SUMIFS(Part_I_Data!F4:F33,Part_I_Data!C4:C33,E4,Part_I_Data!H4:H33,E5) -> 0
A27: Avg Score: | B27: =AVERAGEIFS(Part_I_Data!D4:D33,Part_I_Data!C4:C33,E4,Part_I_Data!H4:H33,E5) -> #DIV/0!

Sheet Part_II_Data
A1: Part II — Lookup Dataset | Exercises: VLOOKUP, HLOOKUP, MATCH, INDEX, INDEX+MATCH, XLOOKUP
A2: Employee Table (A-G) is the lookup source. Use the Lookup_Area (columns I onwards) for exercise formulas.
A3: Emp_ID | B3: Employee Name | C3: Department | D3: City | E3: Salary | F3: Manager_ID | G3: Join_Date | I3: Lookup ID | J3: Name (VLOOKUP) | K3: Dept (VLOOKUP) | L3: Salary (VLOOKUP) | M3: Error Safe (IFERROR) | N3: Name (XLOOKUP) | O3: MATCH Position | P3: Name (INDEX) | Q3: City (INDEX+MATCH)
A4: E001 | B4: Ananya Sharma | C4: HR | D4: Gurugram | E4: 54048 | F4: M001 | G4: 43101 | I4: E003
A5: E002 | B5: Ravi Kumar | C5: Sales | D5: Chennai | E5: 29395 | F5: M002 | G5: 43498 | I5: E008
A6: E003 | B6: Priya Menon | C6: IT | D6: Kolkata | E6: 84237 | F6: M003 | G6: 43893 | I6: E014
A7: E004 | B7: Vikram Singh | C7: Finance | D7: Pune | E7: 72987 | F7: M004 | G7: 44290 | I7: E019
A8: E005 | B8: Sara Khan | C8: Ops | D8: Noida | E8: 38926 | F8: M005 | G8: 44686 | I8: E022
A9: E006 | B9: Arjun Patel | C9: HR | D9: Chennai | E9: 62118 | F9: M001 | G9: 45083 | I9: E025
A10: E007 | B10: Meera Iyer | C10: Sales | D10: Bhubaneswar | E10: 52671 | F10: M002 | G10: 45480 | I10: E001
A11: E008 | B11: Kiran Rao | C11: IT | D11: Ahmedabad | E11: 67615 | F11: M003 | G11: 43320 | I11: E027
A12: E009 | B12: Sneha Pillai | C12: Finance | D12: Delhi | E12: 65400 | F12: M004 | G12: 43717 | I12: E015
A13: E010 | B13: Rohit Das | C13: Ops | D13: Chennai | E13: 55930 | F13: M005 | G13: 44114 | I13: E030
A14: E011 | B14: Deepa Nair | C14: HR | D14: Kolkata | E14: 65819 | F14: M001 | G14: 44511 | I14: Z999
A15: E012 | B15: Manoj Verma | C15: Sales | D15: Ahmedabad | E15: 27358 | F15: M002 | G15: 44907
A16: E013 | B16: Shalini Gupta | C16: IT | D16: Gurugram | E16: 78589 | F16: M003 | G16: 44939
A17: EXERCISE INSTRUCTIONS — Type formulas in columns J-Q for the Lookup IDs in column I
A18: Ex4 T1 — VLOOKUP Name (col J): | B18: =VLOOKUP(I4, $A$4:$G$33, 2, FALSE()) drag to j14. -> #ERROR!
A19: Ex4 T2 — VLOOKUP Dept (col K): | B19: =VLOOKUP(I4, $A$4:$G$33, 3, FALSE()) drag to k14. -> #ERROR!
A20: Ex4 T3 — VLOOKUP Salary (col L): | B20: =VLOOKUP(I4, $A$4:$G$33, 5, FALSE()) drag to l14. -> #ERROR!
A21: Ex4 T4 — IFERROR (col M): | B21: =IFERROR(VLOOKUP(I4,$A$4:$G$33,2,FALSE()),"Not Found") drag to m14. I14=Z999 triggers the error. -> #ERROR!
A22: Ex9 T1 — XLOOKUP (col N): | B22: =xlookup(I4, A4:A33, B4:B33, "Not Found") drag to n14.(excel 365 only) -> #ERROR!
A23: Ex6 T1 — MATCH Position (col O): | B23: =MATCH(I4, $A$4:$A$33, 0) drag to o14. returns row position. -> #ERROR!
A24: Ex7 T1 — INDEX Name (col P): | B24: =INDEX($B$4:$B$33, MATCH(I4,$A$4:$A$33,0)) drag to p14. -> #ERROR!
A25: Ex8 T1 — INDEX+MATCH City (col Q): | B25: =INDEX($D$4:$D$33, MATCH(I4,$A$4:$A$33,0)) drag to q14. -> #ERROR!
A26: BONUS — Two-way lookup: | B26: In cell S4: type an Emp_ID. In T4: type a column header name. Formula: =INDEX(A3:G33,MATCH(S4,A3:A33,0),MATCH(T4,A3:G3,0))
A27: E024 | B27: Ashish Shah | C27: Finance | D27: Ahmedabad | E27: 38032 | F27: M004 | G27: 44189
A28: E025 | B28: Lakshmi Devi | C28: Ops | D28: Noida | E28: 82042 | F28: M005 | G28: 44221
A29: E026 | B29: Ganesh Rao | C29: HR | D29: Chennai | E29: 28322 | F29: M001 | G29: 44618
A30: E027 | B30: Sunita Patel | C30: Sales | D30: Patna | E30: 34483 | F30: M002 | G30: 45012
A31: E028 | B31: Mohan Das | C31: IT | D31: Ahmedabad | E31: 73461 | F31: M003 | G31: 45410
A32: E029 | B32: Rekha Pillai | C32: Finance | D32: Noida | E32: 58857 | F32: M004 | G32: 43221
A33: E030 | B33: Aditya Kumar | C33: Ops | D33: Chennai | E33: 77177 | F33: M005 | G33: 43618

Sheet Product_Catalog
A1: Product_Catalog — HLOOKUP Practice | Price Matrix: Products (rows) x Months (columns)
A2: HLOOKUP searches the FIRST ROW (months). row_index_num counts from row 1 of the table.
A3: Product / Month | B3: Jan | C3: Feb | D3: Mar | E3: Apr | F3: May | G3: Jun | H3: Jul | I3: Aug | J3: Sep | K3: Oct | L3: Nov | M3: Dec
A4: Laptops | B4: 46309 | C4: 46119 | D4: 44639 | E4: 47910 | F4: 44464 | G4: 44886 | H4: 45035 | I4: 44091 | J4: 43709 | K4: 45057 | L4: 46138 | M4: 47348
A5: Mobiles | B5: 20412 | C5: 16735 | D5: 20008 | E5: 17634 | F5: 19454 | G5: 20820 | H5: 17775 | I5: 19063 | J5: 19179 | K5: 17741 | L5: 17247 | M5: 19780
A6: Tablets | B6: 24466 | C6: 27644 | D6: 25775 | E6: 23679 | F6: 27331 | G6: 23719 | H6: 26842 | I6: 25591 | J6: 26298 | K6: 23349 | L6: 25206 | M6: 27570
A7: Accessories | B7: 1562 | C7: 4983 | D7: 3169 | E7: 4469 | F7: 5877 | G7: 2162 | H7: 5285 | I7: 5748 | J7: 3122 | K7: 6460 | L7: 5290 | M7: 1920
A8: Software | B8: 8928 | C8: 7057 | D8: 7768 | E8: 7317 | F8: 9618 | G8: 10877 | H8: 7455 | I8: 10122 | J8: 7441 | K8: 6303 | L8: 6899 | M8: 6190
A10: HLOOKUP EXERCISE AREA
A11: Ex5 T1 — Laptops in June: | B11: In N4: =HLOOKUP("Jun", $A$3:$M$7, 2, FALSE)
A12: Ex5 T2 — Tablets in September: | B12: In N5: =HLOOKUP("Sep", $A$3:$M$7, 4, FALSE)
A13: Ex5 T3 — Dynamic month lookup: | B13: Type a month name in Q3. In Q4: =HLOOKUP(Q3,$A$3:$M$7,3,FALSE) (Mobiles price)
A14: Ex5 T4 — Error handling: | B14: =IFERROR(HLOOKUP("Monsoon",$A$3:$M$7,2,FALSE()),"Month not found") -> Month not found
A16: Row index: Laptops=2, Mobiles=3, Tablets=4, Accessories=5, Software=6. Count from ROW 1 of table (the month header row).

Sheet Manager_Table
A1: Manager_Table — MATCH and INDEX+MATCH Practice
A2: LEFT lookup: find Manager Name given a Region. Two-way: find any field by any identifier.
A3: Manager_ID | B3: Manager_Name | C3: Region | D3: Dept_Head | E3: Phone_Ext
A4: M001 | B4: Priya Menon | C4: North | D4: Sales | E4: 1001
A5: M002 | B5: Vikram Singh | C5: South | D5: IT | E5: 1002
A6: M003 | B6: Sara Khan | C6: East | D6: Finance | E6: 1003
A7: M004 | B7: Kiran Rao | C7: West | D7: HR | E7: 1004
A8: M005 | B8: Sneha Pillai | C8: North | D8: Ops | E8: 1005
A9: M006 | B9: Rohit Das | C9: South | D9: Sales | E9: 1006
A10: M007 | B10: Deepa Nair | C10: East | D10: IT | E10: 1007
A11: M008 | B11: Manoj Verma | C11: West | D11: Finance | E11: 1008
A12: M009 | B12: Shalini Gupta | C12: North | D12: HR | E12: 1009
A13: M010 | B13: Ajay Rao | C13: South | D13: Ops | E13: 1010
A16: EXERCISE AREA — MATCH, INDEX, INDEX+MATCH (left and right lookup)
A17: Ex6 — MATCH (find position): | B17: =MATCH("M007",A4:A13,0) → returns 7 (M007 is 7th in the ID list) -> #ERROR!
A18: Ex7 — INDEX (get value at position): | B18: =INDEX(B4:B13,7) → returns the name at position 7 -> #ERROR!
A19: Ex8 — INDEX+MATCH (right lookup): | B19: =INDEX(C4:C13,MATCH("M003",A4:A13,0)) → Region for M003 -> #ERROR!
A20: Ex8 — LEFT lookup (value left of key): | B20: =INDEX(B4:B13,MATCH("South",C4:C13,0)) → Manager Name for South(C=Region, B=Name: looks LEFT!) -> #ERROR!
A21: Ex8 — Dynamic two-way: | B21: Type a Manager_ID in G4. Formula in G5: =INDEX(A4:E13,MATCH(G4,A4:A13,0),MATCH(G6,A3:E3,0))

Sheet Part_III_Data
A1: Part III — Date & Time Dataset | TRANSPOSE, TODAY/NOW, DATE, DATEDIF, EOMONTH, NETWORKDAYS, WORKDAY, WEEKDAY, TEXT
A2: Columns A-H are the data source. Exercise formula columns (I onwards) are yellow-headed.
A3: Emp_ID | B3: Employee Name | C3: Department | D3: Join_Date | E3: Project_Deadline | F3: Last_Review_Date | G3: Salary | H3: Region | I3: Join Year | J3: Join Month | K3: Join Day | L3: New This Year? | M3: Days Since Review | N3: Years Service | O3: Full Tenure | P3: Sr/Jr Flag | Q3: Days to Deadline | R3: Deadline Status | S3: Working Days | T3: Prep Start Date | U3: Day of Week | V3: Join Date Text
A4: E001 | B4: Ananya Sharma | C4: HR | D4: 43101 | E4: 46234 | F4: 46066 | G4: 54048 | H4: North
A5: E002 | B5: Ravi Kumar | C5: Sales | D5: 43561 | E5: 46253 | F5: 46055 | G5: 29395 | H5: South
A6: E003 | B6: Priya Menon | C6: IT | D6: 44023 | E6: 46220 | F6: 46072 | G6: 84237 | H6: East
A7: E004 | B7: Vikram Singh | C7: Finance | D7: 44485 | E7: 46231 | F7: 46134 | G7: 72987 | H7: West
A8: E005 | B8: Sara Khan | C8: Ops | D8: 44582 | E8: 46219 | F8: 46129 | G8: 38926 | H8: North
A9: E006 | B9: Arjun Patel | C9: HR | D9: 45042 | E9: 46199 | F9: 45738 | G9: 62118 | H9: South
A10: E007 | B10: Meera Iyer | C10: Sales | D10: 45476 | E10: 46244 | F10: 46068 | G10: 52671 | H10: East
A11: E008 | B11: Kiran Rao | C11: IT | D11: 43381 | E11: 46291 | F11: 45814 | G11: 67615 | H11: West
A12: E009 | B12: Sneha Pillai | C12: Finance | D12: 43478 | E12: 46312 | F12: 45884 | G12: 65400 | H12: North
A13: E010 | B13: Rohit Das | C13: Ops | D13: 43939 | E13: 46230 | F13: 45709 | G13: 55930 | H13: South
A14: E011 | B14: Deepa Nair | C14: HR | D14: 44400 | E14: 46207 | F14: 45946 | G14: 65819 | H14: East
A15: E012 | B15: Manoj Verma | C15: Sales | D15: 44862 | E15: 46312 | F15: 45866 | G15: 27358 | H15: West
... A33: E030 | B33: Aditya Kumar | C33: Ops | D33: 43561 | E33: 46290 | F33: 46130 | G33: 77177 | H33: South
A36: EXERCISE INSTRUCTIONS — Type your date formulas in the purple-headed columns above
A37: Ex10 T1 — TRANSPOSE: | B37: Navigate to the Monthly_Sales_Table below. In cell X4: =TRANSPOSE(monthly_table_range) — spills automatically (Excel 365).
A38: Ex11 T1 — TODAY/NOW: | B38: In empty cells: =TODAY() and =NOW(). Also: ="Report: "&TEXT(TODAY(),"DD-MMM-YYYY")
A39: Ex11 T2 — YEAR/MONTH/DAY (I,J,K): | B39: =YEAR(D4) | =MONTH(D4) | =DAY(D4) — drag all three to row 33. -> #ERROR!
A40: Ex11 T3 — New This Year (col L): | B40: =IF(YEAR(D4)=YEAR(TODAY()),"New This Year","") — drag to L33. -> #ERROR!
A41: Ex11 T5 — Days Since Review (col M): | B41: =TODAY()-F4 — format as Number. Drag to M33. -> #ERROR!
A42: Ex12 T1 — Years Service (col N): | B42: =DATEDIF(D4,TODAY(),"Y") — drag to N33. -> #ERROR!
A43: Ex12 T2 — Full Tenure (col O): | B43: =DATEDIF(D4,TODAY(),"Y")&" yrs "&DATEDIF(D4,TODAY(),"YM")&" mths" — drag to O33. -> #ERROR!
A44: Ex12 T3 — Senior/Junior (col P): | B44: =IF(DATEDIF(D4,TODAY(),"Y")>=5,"Senior","Junior") — drag to P33. -> #ERROR!
A45: Ex12 T4 — Days to Deadline (col Q): | B45: =IF(E4>=TODAY(),DATEDIF(TODAY(),E4,"D"),"OVERDUE") — drag to Q33. -> #ERROR!
A46: Ex12 T4 — Status Flag (col R): | B46: =IF(E4<TODAY(),"OVERDUE","Upcoming") — drag to R33. -> #ERROR!
A47: Ex13 T1 — Working Days (col S): | B47: =NETWORKDAYS(D4,E4) — drag to S33. -> #ERROR!
A48: Ex13 T4 — Prep Start (col T): | B48: =WORKDAY(E4,-30) — format as date. 30 working days before deadline. -> #ERROR!
A49: Ex13 T5 — Day Name (col U): | B49: =CHOOSE(WEEKDAY(D4,2),"Mon","Tue","Wed","Thu","Fri","Sat","Sun") — drag to U33. -> #ERROR!
A50: Ex14 T2 — Join Date Text (col V): | B50: =TEXT(D4,"DDDD, DD MMMM YYYY") — drag to V33. -> #ERROR!
A53: Monthly_Sales_Table — Source for TRANSPOSE Exercise (horizontal format)
A54: Region / Month | B54: Jan | C54: Feb | D54: Mar | E54: Apr | F54: May | G54: Jun | H54: Jul | I54: Aug | J54: Sep | K54: Oct | L54: Nov | M54: Dec
A55: North | B55: 103682 | C55: 131444 | D55: 119314 | E55: 159347 | F55: 100883 | G55: 128174 | H55: 159151 | I55: 103202 | J55: 172176 | K55: 203722 | L55: 221710 | M55: 181014
A56: South | B56: 181685 | C56: 211990 | D56: 186362 | E56: 163423 | F56: 192431 | G56: 220036 | H56: 245399 | I56: 90634 | J56: 245810 | K56: 147435 | L56: 90754 | M56: 140453
A57: East | B57: 214469 | C57: 83813 | D57: 229513 | E57: 201771 | F57: 138651 | G57: 93758 | H57: 179260 | I57: 140746 | J57: 103221 | K57: 211588 | L57: 248897 | M57: 192254
A58: West | B58: 131141 | C58: 139412 | D58: 133807 | E58: 187583 | F58: 124588 | G58: 160127 | H58: 166584 | I58: 82179 | J58: 108083 | K58: 187521 | L58: 161402 | M58: 165138

Sheet Summary_All
A1: CAPSTONE DASHBOARD — Complete All 10 Formulas Using Functions from All 3 Parts
A2: Each formula integrates concepts from Part I, II, and III. Yellow = task. Green = your formula area.
A3: Task | B3: Your Formula (type here) | C3: Question / Expected Formula
A4: C1 — COUNTIFS (Part I): | C4: =COUNTIFS(Part_I_Data!I4:I33,"Active",Part_I_Data!D4:D33,">=75",Part_I_Data!E4:E33,">=0.8") -> 4
A5: C2 — SUMIFS (Part I): | C5: =SUMIFS(Part_I_Data!F4:F33,Part_I_Data!C4:C33,"Sales",Part_I_Data!H4:H33,"North",Part_I_Data!I4:I33,"Active") -> 52438
A6: C3 — AVERAGEIFS (Part I): | C6: =AVERAGEIFS(Part_I_Data!D4:D33,Part_I_Data!C4:C33,"IT",Part_I_Data!I4:I33,"Active",Part_I_Data!E4:E33,">=0.85") -> 74
A7: C4 — XLOOKUP (Part II): | C7: {=xlookup(B8,Part_II_Data!A4:A33,Part_II_Data!E4:E33,"Not Found")} -> Not Found
A8: C5 — INDEX+MATCH (Part II): | C8: {=INDEX(Part_II_Data!C4:C33,MATCH(B8,Part_II_Data!A4:A33,0))} -> #N/A
A9: C6 — COUNTIF+DATEDIF (Part III): | C9: =COUNTIF(Part_III_Data!N4:N33,">=5") -> 0
A10: C7 — NETWORKDAYS (Part III): | C10: =MIN(NETWORKDAYS(TODAY(),Part_III_Data!E4:E33)) -> 16
A11: C8 — TEXT+TODAY (Part III): | C11: ="Today is: "&TEXT(TODAY(),"DDDD, DD MMMM YYYY") -> Today is: Monday, 20 July 2026
A12: C9 — SUMPRODUCT+YEAR (Part I+III): | C12: =SUMPRODUCT((YEAR(Part_III_Data!D4:D33)>2020)*Part_III_Data!G4:G33) -> 884701
A13: C10 — INDEX+MATCH+MAX (Part II+III): | C13: {=INDEX(Part_I_Data!B4:B33,MATCH(MAX(Part_I_Data!F4:F33),Part_I_Data!F4:F33,0))} -> Divya Menon
A14: --- REFERENCE ---
A15: Employee ID to Lookup: | B15: E008 | C15: ← Change this ID to test C4 and C5
A17: REMINDER: C4 and C5 reference cell B8 (the 'Employee ID to Lookup' row). Change B8 to any valid Emp_ID to test different lookups.
