Workbook

Sheet Sheet1
A1: Customer_ID | B1: Customer_Name | C1: Gender | D1: DOB | E1: Phone | F1: Email | G1: City | H1: State | I1: Region | J1: Membership | K1: Column1 | L1: Registration_Date
A2: CUST0001 | B2: Revathi Balan | C2: Female | D2: 31272 | E2: 9204528821 | F2: revathi1@gmail.com | G2: Coimbatore | H2: Tamil Nadu | I2: South | J2: Bronze | K2: =_xlfn.XLOOKUP(TRIM(Table1[[#This Row],[Membership]]),Sheet2!$A$2:$A$7,Sheet2!$B$2:$B$7,"Checkmanually") -> Bronze | L2: 44659
A3: CUST0002 | B3: Eswari Murugan | C3: Female | D3: 21939 | E3: 9362238769 | F3: eswari2@gmail.com | G3: Tiruppur | H3: Tamil Nadu | I3: South | J3: Silver | K3: =_xlfn.XLOOKUP(TRIM(Table1[[#This Row],[Membership]]),Sheet2!$A$2:$A$7,Sheet2!$B$2:$B$7,"Checkmanually") -> Silver | L3: 45809
A4: CUST0003 | B4: Banu Balan | C4: Female | D4: 22236 | E4: 9222912620 | F4: banu3@gmail.com | G4: Erode | H4: Tamil Nadu | I4: South | J4: Bronze | K4: =_xlfn.XLOOKUP(TRIM(Table1[[#This Row],[Membership]]),Sheet2!$A$2:$A$7,Sheet2!$B$2:$B$7,"Checkmanually") -> Bronze | L4: 44349
A5: CUST0004 | B5: Naveen Sharma | C5: Male | D5: 21314 | E5: 9806272779 | F5: naveen4@gmail.com | G5: Coimbatore | H5: Tamil Nadu | I5: South | J5: Silver | K5: =_xlfn.XLOOKUP(TRIM(Table1[[#This Row],[Membership]]),Sheet2!$A$2:$A$7,Sheet2!$B$2:$B$7,"Checkmanually") -> Silver | L5: 44988
A6: CUST0005 | B6: Pandi Raj | C6: Male | D6: 35481 | E6: 9123876200 | F6: pandi5@gmail.com | G6: Guwahati | H6: Assam | I6: East | J6: Silver | K6: =_xlfn.XLOOKUP(TRIM(Table1[[#This Row],[Membership]]),Sheet2!$A$2:$A$7,Sheet2!$B$2:$B$7,"Checkmanually") -> Silver | L6: 45509
A7: CUST0006 | B7: Thiru Devi | C7: Male | D7: 38850 | E7: 9967934041 | F7: thiru6@gmail.com | G7: Kanpur | H7: Uttar Pradesh | I7: North | J7: Silver | K7: =_xlfn.XLOOKUP(TRIM(Table1[[#This Row],[Membership]]),Sheet2!$A$2:$A$7,Sheet2!$B$2:$B$7,"Checkmanually") -> Silver | L7: 43501
A8: CUST0007 | B8: Senthil Pillai | C8: Male | D8: 36564 | E8: 9464577685 | F8: senthil7@gmail.com | G8: Salem | H8: Tamil Nadu | I8: South | J8: Silver | K8: =_xlfn.XLOOKUP(TRIM(Table1[[#This Row],[Membership]]),Sheet2!$A$2:$A$7,Sheet2!$B$2:$B$7,"Checkmanually") -> Silver | L8: 45834
A9: CUST0008 | B9: Eswari Raj | C9: Female | D9: 34376 | E9: 9633597839 | F9: eswari8@gmail.com | G9: Erode | H9: Tamil Nadu | I9: South | J9: Silver | K9: =_xlfn.XLOOKUP(TRIM(Table1[[#This Row],[Membership]]),Sheet2!$A$2:$A$7,Sheet2!$B$2:$B$7,"Checkmanually") -> Silver | L9: 43927
A10: CUST0009 | B10: Mani Nair | C10: Male | D10: 37648 | E10: 9408545686 | F10: mani9@gmail.com | G10: Chennai | H10: Tamil Nadu | I10: South | J10: Bronze | K10: =_xlfn.XLOOKUP(TRIM(Table1[[#This Row],[Membership]]),Sheet2!$A$2:$A$7,Sheet2!$B$2:$B$7,"Checkmanually") -> Bronze | L10: 43977
A11: CUST0010 | B11: Tara Achari | C11: Female | D11: 33263 | E11: 9770629385 | F11: tara10@gmail.com | G11: Erode | H11: Tamil Nadu | I11: South | J11: Bronze | K11: =_xlfn.XLOOKUP(TRIM(Table1[[#This Row],[Membership]]),Sheet2!$A$2:$A$7,Sheet2!$B$2:$B$7,"Checkmanually") -> Bronze | L11: 44026
A12: CUST0011 | B12: Prasath Mudaliar | C12: Male | D12: 39036 | E12: 9735509839 | F12: prasath11@gmail.com | G12: Chennai | H12: Tamil Nadu | I12: South | J12: Bronze | K12: =_xlfn.XLOOKUP(TRIM(Table1[[#This Row],[Membership]]),Sheet2!$A$2:$A$7,Sheet2!$B$2:$B$7,"Checkmanually") -> Bronze | L12: 43489
A13: CUST0012 | B13: Meena Gupta | C13: Female | D13: 37491 | E13: 9558601461 | F13: meena12@gmail.com | G13: Chennai | H13: Tamil Nadu | I13: South | J13: Bronze | K13: =_xlfn.XLOOKUP(TRIM(Table1[[#This Row],[Membership]]),Sheet2!$A$2:$A$7,Sheet2!$B$2:$B$7,"Checkmanually") -> Bronze | L13: 45047
... A293: CUST0292 | B293: Nirmala Venkataraman | C293: Female | D293: 25491 | E293: 9322664095 | F293: nirmala292@gmail.com | G293: Tiruppur | H293: Tamil Nadu | I293: South | J293: Silver | K293: =_xlfn.XLOOKUP(TRIM(Table1[[#This Row],[Membership]]),Sheet2!$A$2:$A$7,Sheet2!$B$2:$B$7,"Checkmanually") -> Silver | L293: 44136
A294: CUST0293 | B294: Suresh Chandran | C294: Male | D294: 35225 | E294: 9468999657 | F294: suresh293@gmail.com | G294: Mysuru | H294: Karnataka | J294: Gold | K294: =_xlfn.XLOOKUP(TRIM(Table1[[#This Row],[Membership]]),Sheet2!$A$2:$A$7,Sheet2!$B$2:$B$7,"Checkmanually") -> Gold | L294: 44662
A295: CUST0294 | B295: Deepak Venkataraman | C295: Male | D295: 20441 | E295: 9223139628 | F295: deepak294@gmail.com | G295: Salem | H295: Tamil Nadu | I295: South | J295: Silver | K295: =_xlfn.XLOOKUP(TRIM(Table1[[#This Row],[Membership]]),Sheet2!$A$2:$A$7,Sheet2!$B$2:$B$7,"Checkmanually") -> Silver | L295: 44127
A296: CUST0295 | B296: Latha Gounder | C296: Female | D296: 35302 | E296: 9595378308 | F296: latha295@gmail.com | G296: Madurai | H296: Tamil Nadu | I296: South | J296: Silver | K296: =_xlfn.XLOOKUP(TRIM(Table1[[#This Row],[Membership]]),Sheet2!$A$2:$A$7,Sheet2!$B$2:$B$7,"Checkmanually") -> Silver | L296: 45086
A297: CUST0296 | B297: Uma Pandian | C297: Female | D297: 34433 | E297: 9605504475 | F297: uma296@gmail.com | G297: Kochi | H297: Kerala | I297: South | J297: Bronze | K297: =_xlfn.XLOOKUP(TRIM(Table1[[#This Row],[Membership]]),Sheet2!$A$2:$A$7,Sheet2!$B$2:$B$7,"Checkmanually") -> Bronze | L297: 43675
A298: CUST0297 | B298: Nithya Sharma | C298: Female | D298: 20681 | E298: 9207927292 | F298: nithya297@gmail.com | G298: Madurai | H298: Tamil Nadu | I298: South | J298: Gold | K298: =_xlfn.XLOOKUP(TRIM(Table1[[#This Row],[Membership]]),Sheet2!$A$2:$A$7,Sheet2!$B$2:$B$7,"Checkmanually") -> Gold | L298: 45587
A299: CUST0298 | B299: Divya Naicker | C299: Female | D299: 32897 | E299: 9183306581 | F299: divya298@gmail.com | G299: Chennai | H299: Tamil Nadu | I299: South | J299: Silver | K299: =_xlfn.XLOOKUP(TRIM(Table1[[#This Row],[Membership]]),Sheet2!$A$2:$A$7,Sheet2!$B$2:$B$7,"Checkmanually") -> Silver | L299: 43790
A300: CUST0299 | B300: Chandran Krishnan | C300: Male | D300: 25119 | E300: 9484492979 | F300: chandran299@gmail.com | G300: Coimbatore | H300: Tamil Nadu | I300: South | J300: Bronze | K300: =_xlfn.XLOOKUP(TRIM(Table1[[#This Row],[Membership]]),Sheet2!$A$2:$A$7,Sheet2!$B$2:$B$7,"Checkmanually") -> Bronze | L300: 44905
A301: CUST0300 | B301: Indira Prabhu | C301: Female | D301: 37532 | E301: 9574656314 | F301: indira300@gmail.com | G301: Coimbatore | H301: Tamil Nadu | I301: South | J301: Bronze | K301: =_xlfn.XLOOKUP(TRIM(Table1[[#This Row],[Membership]]),Sheet2!$A$2:$A$7,Sheet2!$B$2:$B$7,"Checkmanually") -> Bronze | L301: 43986
A302: CUST0301 | B302: Dinesh Chandran | C302: Male | D302: 23458 | E302: 9841254136 | F302: dinesh301@gmail.com | G302: Kochi | H302: Kerala | I302: South | J302: Bronze | K302: =_xlfn.XLOOKUP(TRIM(Table1[[#This Row],[Membership]]),Sheet2!$A$2:$A$7,Sheet2!$B$2:$B$7,"Checkmanually") -> Bronze | L302: 44700
A303: CUST0302 | B303: Rajesh Reddy | C303: Male | D303: 21684 | E303: 9923682643 | F303: rajesh302@gmail.com | G303: Coimbatore | H303: Tamil Nadu | I303: South | J303: Bronze | K303: =_xlfn.XLOOKUP(TRIM(Table1[[#This Row],[Membership]]),Sheet2!$A$2:$A$7,Sheet2!$B$2:$B$7,"Checkmanually") -> Bronze | L303: 44646
A304: CUST0303 | B304: Kamala Subramaniam | C304: Female | D304: 27906 | E304: 9198125433 | F304: kamala303@gmail.com | G304: Salem | H304: Tamil Nadu | I304: South | J304: Silver | K304: =_xlfn.XLOOKUP(TRIM(Table1[[#This Row],[Membership]]),Sheet2!$A$2:$A$7,Sheet2!$B$2:$B$7,"Checkmanually") -> Silver | L304: 43920
A305: CUST0304 | B305: Unknown | C305: Female | D305: 31136 | E305: 9830100976 | F305: yamuna304@gmail.com | G305: Coimbatore | H305: Tamil Nadu | I305: South | J305: Bronze | K305: =_xlfn.XLOOKUP(TRIM(Table1[[#This Row],[Membership]]),Sheet2!$A$2:$A$7,Sheet2!$B$2:$B$7,"Checkmanually") -> Bronze | L305: 43888
A306: CUST0305 | B306: Hemalatha Mudaliar | C306: Female | D306: 23255 | E306: 9280262874 | F306: hemalatha305@gmail.com | G306: Salem | H306: Tamil Nadu | I306: South | J306: Bronze | K306: =_xlfn.XLOOKUP(TRIM(Table1[[#This Row],[Membership]]),Sheet2!$A$2:$A$7,Sheet2!$B$2:$B$7,"Checkmanually") -> Bronze | L306: 45821
... A446: CUST0445 | B446: Anjali Kumar | C446: Female | D446: 20380 | E446: 9562572075 | F446: anjali445@gmail.com | G446: Madurai | H446: Tamil Nadu | I446: South | J446: Silver | K446: =_xlfn.XLOOKUP(TRIM(Table1[[#This Row],[Membership]]),Sheet2!$A$2:$A$7,Sheet2!$B$2:$B$7,"Checkmanually") -> Silver | L446: 43516
A447: CUST0446 | B447: Ramesh Sharma | C447: Male | D447: 25126 | E447: 9232975024 | F447: ramesh446@gmail.com | G447: Chennai | H447: Tamil Nadu | J447: Silver | K447: =_xlfn.XLOOKUP(TRIM(Table1[[#This Row],[Membership]]),Sheet2!$A$2:$A$7,Sheet2!$B$2:$B$7,"Checkmanually") -> Silver | L447: 44783
A448: CUST0447 | B448: Harini Krishnan | C448: Female | D448: 28286 | E448: 9605408862 | F448: harini447@gmail.com | G448: Pune | H448: Maharashtra | I448: West | J448: Bronze | K448: =_xlfn.XLOOKUP(TRIM(Table1[[#This Row],[Membership]]),Sheet2!$A$2:$A$7,Sheet2!$B$2:$B$7,"Checkmanually") -> Bronze | L448: 44027
A449: CUST0448 | B449: Sanjay Achari | C449: Male | D449: 26059 | E449: 9971388578 | F449: sanjay448@gmail.com | G449: Erode | H449: Tamil Nadu | I449: South | J449: Silver | K449: =_xlfn.XLOOKUP(TRIM(Table1[[#This Row],[Membership]]),Sheet2!$A$2:$A$7,Sheet2!$B$2:$B$7,"Checkmanually") -> Silver | L449: 45298
A450: CUST0449 | B450: Sudha Sekar | C450: Female | D450: 34486 | E450: 9250188999 | F450: sudha449@gmail.com | G450: Mysuru | H450: Karnataka | I450: South | J450: Bronze | K450: =_xlfn.XLOOKUP(TRIM(Table1[[#This Row],[Membership]]),Sheet2!$A$2:$A$7,Sheet2!$B$2:$B$7,"Checkmanually") -> Bronze | L450: 43763
A451: CUST0450 | B451: Bhavani Chettiar | C451: Female | D451: 26593 | E451: 9303546093 | F451: bhavani450@gmail.com | G451: Bengaluru | H451: Karnataka | I451: South | J451: Gold | K451: =_xlfn.XLOOKUP(TRIM(Table1[[#This Row],[Membership]]),Sheet2!$A$2:$A$7,Sheet2!$B$2:$B$7,"Checkmanually") -> Gold | L451: 43554
A452: CUST0451 | B452: Divya Nair | C452: Female | D452: 30943 | E452: 9272134233 | F452: divya451@gmail.com | G452: Madurai | H452: Tamil Nadu | I452: South | J452: Silver | K452: =_xlfn.XLOOKUP(TRIM(Table1[[#This Row],[Membership]]),Sheet2!$A$2:$A$7,Sheet2!$B$2:$B$7,"Checkmanually") -> Silver | L452: 43230
A453: CUST0452 | B453: Dhanya Varma | C453: Female | D453: 28799 | E453: 9552147658 | F453: dhanya452@gmail.com | G453: Mysuru | H453: Karnataka | I453: South | J453: Bronze | K453: =_xlfn.XLOOKUP(TRIM(Table1[[#This Row],[Membership]]),Sheet2!$A$2:$A$7,Sheet2!$B$2:$B$7,"Checkmanually") -> Bronze | L453: 43587
A454: CUST0453 | B454: Prasath Nair | C454: Male | D454: 24265 | E454: 9906476640 | F454: prasath453@gmail.com | G454: Mysuru | H454: Karnataka | I454: South | J454: Bronze | K454: =_xlfn.XLOOKUP(TRIM(Table1[[#This Row],[Membership]]),Sheet2!$A$2:$A$7,Sheet2!$B$2:$B$7,"Checkmanually") -> Bronze | L454: 44431
A455: CUST0454 | B455: Raghav Nair | C455: Male | D455: 32831 | E455: 9217824679 | F455: raghav454@gmail.com | G455: Bengaluru | H455: Karnataka | I455: South | J455: Silver | K455: =_xlfn.XLOOKUP(TRIM(Table1[[#This Row],[Membership]]),Sheet2!$A$2:$A$7,Sheet2!$B$2:$B$7,"Checkmanually") -> Silver | L455: 43639
A456: CUST0455 | B456: Nithya Venkataraman | C456: Female | D456: 36474 | E456: 9923973312 | F456: nithya455@gmail.com | G456: Pune | H456: Maharashtra | I456: West | J456: Gold | K456: =_xlfn.XLOOKUP(TRIM(Table1[[#This Row],[Membership]]),Sheet2!$A$2:$A$7,Sheet2!$B$2:$B$7,"Checkmanually") -> Gold | L456: 43156
A457: CUST0456 | B457: Kamala Devi | C457: Female | D457: 31301 | E457: 9741117091 | F457: kamala456@gmail.com | G457: Coimbatore | H457: Tamil Nadu | I457: South | J457: Bronze | K457: =_xlfn.XLOOKUP(TRIM(Table1[[#This Row],[Membership]]),Sheet2!$A$2:$A$7,Sheet2!$B$2:$B$7,"Checkmanually") -> Bronze | L457: 44860
A458: CUST0457 | B458: Nithya Raj | C458: Female | D458: 29337 | E458: 9188707067 | F458: nithya457@gmail.com | G458: Bengaluru | H458: Karnataka | I458: South | J458: Silver | K458: =_xlfn.XLOOKUP(TRIM(Table1[[#This Row],[Membership]]),Sheet2!$A$2:$A$7,Sheet2!$B$2:$B$7,"Checkmanually") -> Silver | L458: 45091
A459: CUST0458 | B459: Prasath Rao | C459: Male | D459: 36842 | E459: 9367862922 | F459: prasath458@gmail.com | G459: Salem | H459: Tamil Nadu | I459: South | J459: Bronze | K459: =_xlfn.XLOOKUP(TRIM(Table1[[#This Row],[Membership]]),Sheet2!$A$2:$A$7,Sheet2!$B$2:$B$7,"Checkmanually") -> Bronze | L459: 43866
... A526: CUST0525 | B526: Sudha Gupta | C526: Female | D526: 23931 | E526: 9855874366 | F526: sudha525@gmail.com | G526: Coimbatore | H526: Tamil Nadu | I526: South | J526: Bronze | K526: =_xlfn.XLOOKUP(TRIM(Table1[[#This Row],[Membership]]),Sheet2!$A$2:$A$7,Sheet2!$B$2:$B$7,"Checkmanually") -> Bronze | L526: 45950
A527: CUST0526 | B527: Deepa Krishnan | C527: Female | D527: 34006 | E527: 9158071545 | F527: deepa526@gmail.com | G527: Coimbatore | H527: Tamil Nadu | J527: Bronze | K527: =_xlfn.XLOOKUP(TRIM(Table1[[#This Row],[Membership]]),Sheet2!$A$2:$A$7,Sheet2!$B$2:$B$7,"Checkmanually") -> Bronze | L527: 44623
A528: CUST0527 | B528: Gopal Varma | C528: Male | D528: 25273 | E528: 9257718363 | F528: gopal527@gmail.com | G528: Hyderabad | H528: Telangana | I528: South | J528: Gold | K528: =_xlfn.XLOOKUP(TRIM(Table1[[#This Row],[Membership]]),Sheet2!$A$2:$A$7,Sheet2!$B$2:$B$7,"Checkmanually") -> Gold | L528: 43224
A529: CUST0528 | B529: Divya Balan | C529: Female | D529: 20498 | E529: 9992352458 | F529: divya528@gmail.com | G529: Chennai | H529: Tamil Nadu | I529: South | J529: Silver | K529: =_xlfn.XLOOKUP(TRIM(Table1[[#This Row],[Membership]]),Sheet2!$A$2:$A$7,Sheet2!$B$2:$B$7,"Checkmanually") -> Silver | L529: 45432
A530: CUST0529 | B530: Indira Balan | C530: Female | D530: 35483 | E530: 9903273909 | F530: indira529@gmail.com | G530: Madurai | H530: Tamil Nadu | I530: South | J530: Bronze | K530: =_xlfn.XLOOKUP(TRIM(Table1[[#This Row],[Membership]]),Sheet2!$A$2:$A$7,Sheet2!$B$2:$B$7,"Checkmanually") -> Bronze | L530: 43674
A531: CUST0530 | B531: Deepak Chettiar | C531: Male | D531: 31143 | E531: 9939018541 | F531: deepak530@gmail.com | G531: Erode | H531: Tamil Nadu | I531: South | J531: Silver | K531: =_xlfn.XLOOKUP(TRIM(Table1[[#This Row],[Membership]]),Sheet2!$A$2:$A$7,Sheet2!$B$2:$B$7,"Checkmanually") -> Silver | L531: 44919
A532: CUST0531 | B532: Kamala Sekar | C532: Female | D532: 25198 | E532: 9789830038 | F532: kamala531@gmail.com | G532: Coimbatore | H532: Tamil Nadu | I532: South | J532: Silver | K532: =_xlfn.XLOOKUP(TRIM(Table1[[#This Row],[Membership]]),Sheet2!$A$2:$A$7,Sheet2!$B$2:$B$7,"Checkmanually") -> Silver | L532: 43346
A533: CUST0532 | B533: Hema Sharma | C533: Female | D533: 20446 | E533: 9994083442 | F533: hema532@gmail.com | G533: Madurai | H533: Tamil Nadu | I533: South | J533: Silver | K533: =_xlfn.XLOOKUP(TRIM(Table1[[#This Row],[Membership]]),Sheet2!$A$2:$A$7,Sheet2!$B$2:$B$7,"Checkmanually") -> Silver | L533: 44724
A534: CUST0533 | B534: Madhavan Murugan | C534: Male | D534: 28545 | E534: 9638881430 | F534: madhavan533@gmail.com | G534: Mysuru | H534: Karnataka | I534: South | J534: Bronze | K534: =_xlfn.XLOOKUP(TRIM(Table1[[#This Row],[Membership]]),Sheet2!$A$2:$A$7,Sheet2!$B$2:$B$7,"Checkmanually") -> Bronze | L534: 45444
A535: CUST0534 | B535: Kalpana Nair | C535: Female | D535: 25228 | E535: 9198716092 | F535: kalpana534@gmail.com | G535: Salem | H535: Tamil Nadu | I535: South | J535: Silver | K535: =_xlfn.XLOOKUP(TRIM(Table1[[#This Row],[Membership]]),Sheet2!$A$2:$A$7,Sheet2!$B$2:$B$7,"Checkmanually") -> Silver | L535: 44214
A536: CUST0535 | B536: Sundar Venkataraman | C536: Male | D536: 33210 | E536: 9160126132 | F536: sundar535@gmail.com | G536: Madurai | H536: Tamil Nadu | I536: South | J536: Bronze | K536: =_xlfn.XLOOKUP(TRIM(Table1[[#This Row],[Membership]]),Sheet2!$A$2:$A$7,Sheet2!$B$2:$B$7,"Checkmanually") -> Bronze | L536: 45636
A537: CUST0536 | B537: Hariharan Pandian | C537: Male | D537: 38416 | E537: 9182902790 | F537: hariharan536@gmail.com | G537: Madurai | H537: Tamil Nadu | I537: South | J537: Bronze | K537: =_xlfn.XLOOKUP(TRIM(Table1[[#This Row],[Membership]]),Sheet2!$A$2:$A$7,Sheet2!$B$2:$B$7,"Checkmanually") -> Bronze | L537: 45579
A538: CUST0537 | B538: Ashok Balan | C538: Male | D538: 33364 | E538: 9276978815 | F538: ashok537#gmail.com | G538: Mysuru | H538: Karnataka | I538: South | J538: Silver | K538: =_xlfn.XLOOKUP(TRIM(Table1[[#This Row],[Membership]]),Sheet2!$A$2:$A$7,Sheet2!$B$2:$B$7,"Checkmanually") -> Silver | L538: 44659
A539: CUST0538 | B539: Hemalatha Velan | C539: Female | D539: 26470 | E539: 9216394564 | F539: hemalatha538@gmail.com | G539: Tiruppur | H539: Tamil Nadu | I539: South | J539: Bronze | K539: =_xlfn.XLOOKUP(TRIM(Table1[[#This Row],[Membership]]),Sheet2!$A$2:$A$7,Sheet2!$B$2:$B$7,"Checkmanually") -> Bronze | L539: 44206
... A576: CUST0575 | B576: Anjali Sharma | C576: Female | D576: 26596 | E576: 9876018644 | F576: anjali575@gmail.com | G576: Coimbatore | H576: Tamil Nadu | I576: South | J576: Bronze | K576: =_xlfn.XLOOKUP(TRIM(Table1[[#This Row],[Membership]]),Sheet2!$A$2:$A$7,Sheet2!$B$2:$B$7,"Checkmanually") -> Bronze | L576: 43419
A577: CUST0576 | B577: Vasanthi Chandran | C577: Female | D577: 30461 | E577: 9261604880 | F577: vasanthi576@gmail.com | G577: Hyderabad | H577: Telangana | J577: Gold | K577: =_xlfn.XLOOKUP(TRIM(Table1[[#This Row],[Membership]]),Sheet2!$A$2:$A$7,Sheet2!$B$2:$B$7,"Checkmanually") -> Gold | L577: 43159
A578: CUST0577 | B578: Anitha Achari | C578: Female | D578: 23812 | E578: 9536354332 | F578: anitha577@gmail.com | G578: Surat | H578: Gujarat | I578: West | J578: Bronze | K578: =_xlfn.XLOOKUP(TRIM(Table1[[#This Row],[Membership]]),Sheet2!$A$2:$A$7,Sheet2!$B$2:$B$7,"Checkmanually") -> Bronze | L578: 45861
A579: CUST0578 | B579: Jagan Venkataraman | C579: Male | D579: 24209 | E579: 9582462965 | F579: jagan578@gmail.com | G579: Coimbatore | H579: Tamil Nadu | I579: South | J579: Bronze | K579: =_xlfn.XLOOKUP(TRIM(Table1[[#This Row],[Membership]]),Sheet2!$A$2:$A$7,Sheet2!$B$2:$B$7,"Checkmanually") -> Bronze | L579: 45699
A580: CUST0579 | B580: Pandi Nair | C580: Male | D580: 27253 | E580: 9551160662 | F580: pandi579@gmail.com | G580: Hyderabad | H580: Telangana | I580: South | J580: Gold | K580: =_xlfn.XLOOKUP(TRIM(Table1[[#This Row],[Membership]]),Sheet2!$A$2:$A$7,Sheet2!$B$2:$B$7,"Checkmanually") -> Gold | L580: 43869
A581: CUST0580 | B581: Eswari Nathan | C581: Female | D581: 27172 | E581: 9325231389 | F581: eswari580@gmail.com | G581: Madurai | H581: Tamil Nadu | I581: South | J581: Bronze | K581: =_xlfn.XLOOKUP(TRIM(Table1[[#This Row],[Membership]]),Sheet2!$A$2:$A$7,Sheet2!$B$2:$B$7,"Checkmanually") -> Bronze | L581: 44526
A582: CUST0581 | B582: Banu Naidu | C582: Female | D582: 32010 | E582: 9424210400 | F582: banu581@gmail.com | G582: Kolkata | H582: West Bengal | I582: East | J582: Silver | K582: =_xlfn.XLOOKUP(TRIM(Table1[[#This Row],[Membership]]),Sheet2!$A$2:$A$7,Sheet2!$B$2:$B$7,"Checkmanually") -> Silver | L582: 43167
A583: CUST0582 | B583: Vijay Balan | C583: Male | D583: 35032 | E583: 9540649487 | F583: vijay582@gmail.com | G583: Kolkata | H583: West Bengal | I583: East | J583: Bronze | K583: =_xlfn.XLOOKUP(TRIM(Table1[[#This Row],[Membership]]),Sheet2!$A$2:$A$7,Sheet2!$B$2:$B$7,"Checkmanually") -> Bronze | L583: 44796
A584: CUST0583 | B584: Sudha Achari | C584: Female | D584: 31094 | E584: 9288778639 | F584: sudha583@gmail.com | G584: Kochi | H584: Kerala | J584: Silver | K584: =_xlfn.XLOOKUP(TRIM(Table1[[#This Row],[Membership]]),Sheet2!$A$2:$A$7,Sheet2!$B$2:$B$7,"Checkmanually") -> Silver | L584: 43565
A585: CUST0584 | B585: Esha Krishnan | C585: Female | D585: 25419 | E585: 9568018466 | F585: esha584@gmail.com | G585: Tiruppur | H585: Tamil Nadu | I585: South | J585: Gold | K585: =_xlfn.XLOOKUP(TRIM(Table1[[#This Row],[Membership]]),Sheet2!$A$2:$A$7,Sheet2!$B$2:$B$7,"Checkmanually") -> Gold | L585: 45324
A586: CUST0585 | B586: Pandi Prabhu | C586: Male | D586: 23341 | E586: 9965371229 | F586: pandi585@gmail.com | G586: Bengaluru | H586: Karnataka | I586: South | J586: Bronze | K586: =_xlfn.XLOOKUP(TRIM(Table1[[#This Row],[Membership]]),Sheet2!$A$2:$A$7,Sheet2!$B$2:$B$7,"Checkmanually") -> Bronze | L586: 43459
A587: CUST0586 | B587: Meena Selvam | C587: Female | D587: 33566 | E587: 9633010732 | F587: meena586@gmail.com | G587: Chennai | H587: Tamil Nadu | I587: South | J587: Bronze | K587: =_xlfn.XLOOKUP(TRIM(Table1[[#This Row],[Membership]]),Sheet2!$A$2:$A$7,Sheet2!$B$2:$B$7,"Checkmanually") -> Bronze | L587: 43525
A588: CUST0587 | B588: Uma Iyer | C588: Female | D588: 23357 | E588: 9576852350 | F588: uma587@gmail.com | G588: Hyderabad | H588: Telangana | I588: South | J588: Bronze | K588: =_xlfn.XLOOKUP(TRIM(Table1[[#This Row],[Membership]]),Sheet2!$A$2:$A$7,Sheet2!$B$2:$B$7,"Checkmanually") -> Bronze | L588: 45695
A589: CUST0588 | B589: Arun Menon | C589: Male | D589: 33873 | E589: 9339314901 | F589: arun588@gmail.com | G589: Coimbatore | H589: Tamil Nadu | I589: South | J589: Bronze | K589: =_xlfn.XLOOKUP(TRIM(Table1[[#This Row],[Membership]]),Sheet2!$A$2:$A$7,Sheet2!$B$2:$B$7,"Checkmanually") -> Bronze | L589: 43968
A590: CUST0589 | B590: Ovi Venkataraman | C590: Male | D590: 26498 | E590: 9233617038 | F590: ovi589@gmail.com | G590: Kochi | H590: Kerala | I590: South | J590: Silver | K590: =_xlfn.XLOOKUP(TRIM(Table1[[#This Row],[Membership]]),Sheet2!$A$2:$A$7,Sheet2!$B$2:$B$7,"Checkmanually") -> Silver | L590: 45024
A591: CUST0590 | B591: Kavya Reddy | C591: Female | D591: 33059 | E591: 9502270717 | F591: kavya590@gmail.com | G591: Mysuru | H591: Karnataka | I591: South | J591: Silver | K591: =_xlfn.XLOOKUP(TRIM(Table1[[#This Row],[Membership]]),Sheet2!$A$2:$A$7,Sheet2!$B$2:$B$7,"Checkmanually") -> Silver | L591: 43132
A592: CUST0591 | B592: Anjali Chettiar | C592: Female | D592: 28757 | E592: 9953773144 | F592: anjali591@gmail.com | G592: Kochi | H592: Kerala | I592: South | J592: Silver | K592: =_xlfn.XLOOKUP(TRIM(Table1[[#This Row],[Membership]]),Sheet2!$A$2:$A$7,Sheet2!$B$2:$B$7,"Checkmanually") -> Silver | L592: 44360
A593: CUST0592 | B593: Anjali Menon | C593: Female | D593: 33674 | E593: 9116675283 | F593: anjali592@gmail.com | G593: Bhubaneswar | H593: Odisha | I593: East | J593: Gold | K593: =_xlfn.XLOOKUP(TRIM(Table1[[#This Row],[Membership]]),Sheet2!$A$2:$A$7,Sheet2!$B$2:$B$7,"Checkmanually") -> Gold | L593: 43234
A594: CUST0593 | B594: Balamurugan Velan | C594: Male | D594: 37095 | E594: 9440881854 | F594: balamurugan593@gmail.com | G594: Tiruppur | H594: Tamil Nadu | I594: South | J594: Bronze | K594: =_xlfn.XLOOKUP(TRIM(Table1[[#This Row],[Membership]]),Sheet2!$A$2:$A$7,Sheet2!$B$2:$B$7,"Checkmanually") -> Bronze | L594: 45558
A595: CUST0594 | B595: Yogesh Iyer | C595: Male | D595: 28014 | E595: 9520222172 | F595: yogesh594@gmail.com | G595: Hyderabad | H595: Telangana | I595: South | J595: Bronze | K595: =_xlfn.XLOOKUP(TRIM(Table1[[#This Row],[Membership]]),Sheet2!$A$2:$A$7,Sheet2!$B$2:$B$7,"Checkmanually") -> Bronze | L595: 45377
A596: CUST0595 | B596: Lalitha Devi | C596: Female | D596: 39025 | E596: 9238373601 | F596: lalitha595@gmail.com | G596: Bengaluru | H596: Karnataka | I596: South | J596: Bronze | K596: =_xlfn.XLOOKUP(TRIM(Table1[[#This Row],[Membership]]),Sheet2!$A$2:$A$7,Sheet2!$B$2:$B$7,"Checkmanually") -> Bronze | L596: 44858
... A701: CUST0700 | B701: Radha Naicker | C701: Female | D701: 21870 | E701: 9158725903 | F701: radha700@gmail.com | G701: Kochi | H701: Kerala | I701: South | J701: Silver | K701: =_xlfn.XLOOKUP(TRIM(Table1[[#This Row],[Membership]]),Sheet2!$A$2:$A$7,Sheet2!$B$2:$B$7,"Checkmanually") -> Silver | L701: 43447

Sheet Sheet2
A1: Raw_value | B1: Mapping_value
A2: Bronz | B2: Bronze
A3: Gld | B3: Gold
A4: Silvr | B4: Silver
A5: Silver | B5: Silver
A6: Gold | B6: Gold
A7: Bronze | B7: Bronze
