Workbook

Sheet Products
A1: Product_ID | B1: Product_Name | C1: Category | D1: Subcategory | E1: Brand | F1: Cost_Price | G1: Selling_Price | H1: Supplier_ID | I1: Season | J1: Status | K1: Status2
A2: PRD001 | B2: Local Bakers Buns 1kg | C2: Bakery | D2: Buns | E2: Local Bakers | F2: 184.74 | G2: 299.73 | H2: SUP059 | I2: Summer | J2: =_xlfn.XLOOKUP(TRIM(Table1[[#This Row],[Status2]]),Data_profiling!$A$9:$A$14,Data_profiling!$B$9:$B$14,"Checkmanually") -> Active | K2: Active
A3: PRD002 | B3: Britannia Buns Pack | C3: Bakery | D3: Buns | E3: Britannia | F3: 254.05 | G3: 440.5 | H3: SUP062 | I3: Monsoon | J3: =_xlfn.XLOOKUP(TRIM(Table1[[#This Row],[Status2]]),Data_profiling!$A$9:$A$14,Data_profiling!$B$9:$B$14,"Checkmanually") -> Active | K3: Active
A4: PRD003 | B4: Harvest Gold Buns Combo | C4: Bakery | D4: Buns | E4: Harvest Gold | F4: 343.65 | G4: 589.75 | H4: SUP012 | I4: Winter | J4: =_xlfn.XLOOKUP(TRIM(Table1[[#This Row],[Status2]]),Data_profiling!$A$9:$A$14,Data_profiling!$B$9:$B$14,"Checkmanually") -> Active | K4: Active
A5: PRD004 | B5: Britannia Buns 2kg | C5: Bakery | D5: Buns | E5: Britannia | F5: 236.54 | G5: 398.25 | H5: SUP044 | I5: All Season | J5: =_xlfn.XLOOKUP(TRIM(Table1[[#This Row],[Status2]]),Data_profiling!$A$9:$A$14,Data_profiling!$B$9:$B$14,"Checkmanually") -> Active | K5: Active
A6: PRD005 | B6: Amul Paneer 250ml | C6: Bakery | D6: Buns | E6: Harvest Gold | F6: 205.27 | G6: 332.74 | H6: SUP034 | I6: Winter | J6: =_xlfn.XLOOKUP(TRIM(Table1[[#This Row],[Status2]]),Data_profiling!$A$9:$A$14,Data_profiling!$B$9:$B$14,"Checkmanually") -> Active | K6: Active
A7: PRD006 | B7: Harvest Gold Cookies 500g | C7: Bakery | D7: Cookies | E7: Harvest Gold | F7: 216.32 | G7: 343.56 | H7: SUP031 | I7: Monsoon | J7: =_xlfn.XLOOKUP(TRIM(Table1[[#This Row],[Status2]]),Data_profiling!$A$9:$A$14,Data_profiling!$B$9:$B$14,"Checkmanually") -> Active | K7: actiive
A8: PRD007 | B8: Britannia Buns 2kg v2 | C8: Bakery | D8: Buns | E8: Britannia | F8: 265.44 | G8: 437.49 | H8: SUP003 | I8: All Season | J8: =_xlfn.XLOOKUP(TRIM(Table1[[#This Row],[Status2]]),Data_profiling!$A$9:$A$14,Data_profiling!$B$9:$B$14,"Checkmanually") -> Active | K8: Active
A9: PRD008 | B9: Britannia Cookies 200g | C9: Bakery | D9: Cookies | E9: Britannia | F9: 282.88 | G9: 455.79 | H9: SUP075 | I9: Winter | J9: =_xlfn.XLOOKUP(TRIM(Table1[[#This Row],[Status2]]),Data_profiling!$A$9:$A$14,Data_profiling!$B$9:$B$14,"Checkmanually") -> Active | K9: Active
A10: PRD009 | B10: Harvest Gold Buns 200g | C10: Bakery | D10: Buns | E10: Harvest Gold | F10: 398.72 | G10: 661.91 | H10: SUP046 | I10: Monsoon | J10: =_xlfn.XLOOKUP(TRIM(Table1[[#This Row],[Status2]]),Data_profiling!$A$9:$A$14,Data_profiling!$B$9:$B$14,"Checkmanually") -> Active | K10: Active
A11: PRD010 | B11: Harvest Gold Cookies Pack | C11: Bakery | D11: Cookies | E11: Harvest Gold | F11: 107.6 | G11: 182.3 | H11: SUP041 | I11: All Season | J11: =_xlfn.XLOOKUP(TRIM(Table1[[#This Row],[Status2]]),Data_profiling!$A$9:$A$14,Data_profiling!$B$9:$B$14,"Checkmanually") -> Active | K11: Active
A12: PRD011 | B12: Britannia Rusk 1L | C12: Bakery | D12: Rusk | E12: Britannia | F12: 102.23 | G12: 168.36 | H12: SUP076 | I12: Festive | J12: =_xlfn.XLOOKUP(TRIM(Table1[[#This Row],[Status2]]),Data_profiling!$A$9:$A$14,Data_profiling!$B$9:$B$14,"Checkmanually") -> Active | K12: Active
A13: PRD012 | B13: Harvest Gold Rusk 1kg | C13: Bakery | D13: Rusk | E13: Harvest Gold | F13: 336.4 | G13: 541.35 | H13: SUP047 | I13: Summer | J13: =_xlfn.XLOOKUP(TRIM(Table1[[#This Row],[Status2]]),Data_profiling!$A$9:$A$14,Data_profiling!$B$9:$B$14,"Checkmanually") -> Active | K13: Active
... A23: PRD022 | B23: Aavin Milk Pack | C23: Dairy | D23: Milk | E23: Aavin | F23: 319.37 | G23: 397.22 | H23: SUP085 | I23: Summer | J23: =_xlfn.XLOOKUP(TRIM(Table1[[#This Row],[Status2]]),Data_profiling!$A$9:$A$14,Data_profiling!$B$9:$B$14,"Checkmanually") -> Active | K23: Active
A24: PRD023 | B24: Amul Butter 1L | C24: Dairy | D24: Butter | F24: 266.1 | G24: 342.27 | H24: SUP019 | I24: All Season | J24: =_xlfn.XLOOKUP(TRIM(Table1[[#This Row],[Status2]]),Data_profiling!$A$9:$A$14,Data_profiling!$B$9:$B$14,"Checkmanually") -> Active | K24: Active
A25: PRD024 | B25: Aavin Milk Pack v2 | C25: Dairy | D25: Milk | E25: Aavin | F25: 246.12 | G25: 313.47 | H25: SUP037 | I25: Monsoon | J25: =_xlfn.XLOOKUP(TRIM(Table1[[#This Row],[Status2]]),Data_profiling!$A$9:$A$14,Data_profiling!$B$9:$B$14,"Checkmanually") -> Active | K25: Active
A26: PRD025 | B26: Nescafe Soft Drinks Pack | C26: Beverages | D26: Soft Drinks | E26: Nescafe | F26: 285.9 | G26: 383.51 | H26: SUP065 | I26: Festive | J26: =_xlfn.XLOOKUP(TRIM(Table1[[#This Row],[Status2]]),Data_profiling!$A$9:$A$14,Data_profiling!$B$9:$B$14,"Checkmanually") -> Active | K26: Active
A27: PRD026 | B27: Nescafe Coffee 1kg | C27: Beverages | D27: Coffee | E27: Nescafe | F27: 247.25 | G27: 329.69 | H27: SUP042 | I27: Festive | J27: =_xlfn.XLOOKUP(TRIM(Table1[[#This Row],[Status2]]),Data_profiling!$A$9:$A$14,Data_profiling!$B$9:$B$14,"Checkmanually") -> Active | K27: Active
A28: PRD027 | B28: Coca-Cola Tea 1kg | C28: Beverages | D28: Tea | E28: Coca-Cola | F28: 106.99 | G28: 139.21 | H28: SUP074 | I28: Festive | J28: =_xlfn.XLOOKUP(TRIM(Table1[[#This Row],[Status2]]),Data_profiling!$A$9:$A$14,Data_profiling!$B$9:$B$14,"Checkmanually") -> Active | K28: Active
A29: PRD028 | B29: Tata Tea Soft Drinks 500g | C29: Beverages | D29: Soft Drinks | E29: Tata Tea | F29: 309.98 | G29: 380.12 | H29: SUP067 | I29: Monsoon | J29: =_xlfn.XLOOKUP(TRIM(Table1[[#This Row],[Status2]]),Data_profiling!$A$9:$A$14,Data_profiling!$B$9:$B$14,"Checkmanually") -> Active | K29: Active
A30: PRD029 | B30: Pepsi Tea 200g | C30: Beverages | D30: Tea | E30: Pepsi | F30: 261.22 | G30: 332.73 | H30: SUP012 | I30: Monsoon | J30: =_xlfn.XLOOKUP(TRIM(Table1[[#This Row],[Status2]]),Data_profiling!$A$9:$A$14,Data_profiling!$B$9:$B$14,"Checkmanually") -> Active | K30: Active
A31: PRD030 | B31: Nescafe Tea Combo | C31: Beverages | D31: Tea | E31: Nescafe | F31: 142 | G31: 172.63 | H31: SUP021 | I31: Winter | J31: =_xlfn.XLOOKUP(TRIM(Table1[[#This Row],[Status2]]),Data_profiling!$A$9:$A$14,Data_profiling!$B$9:$B$14,"Checkmanually") -> Active | K31: Active
A32: PRD031 | B32: Nescafe Coffee Pack | C32: Beverages | D32: Coffee | E32: Nescafe | F32: 271.78 | G32: 342.46 | H32: SUP071 | I32: All Season | J32: =_xlfn.XLOOKUP(TRIM(Table1[[#This Row],[Status2]]),Data_profiling!$A$9:$A$14,Data_profiling!$B$9:$B$14,"Checkmanually") -> Active | K32: Active
A33: PRD032 | B33: Coca-Cola Coffee Combo | C33: Beverages | D33: Coffee | E33: Coca-Cola | F33: 115.91 | G33: 141.11 | H33: SUP052 | I33: Festive | J33: =_xlfn.XLOOKUP(TRIM(Table1[[#This Row],[Status2]]),Data_profiling!$A$9:$A$14,Data_profiling!$B$9:$B$14,"Checkmanually") -> Active | K33: Active
A34: PRD033 | B34: Bisleri Soft Drinks 2kg | C34: Beverages | D34: Soft Drinks | E34: Bisleri | F34: 177.03 | G34: 217.42 | H34: SUP047 | I34: Festive | J34: =_xlfn.XLOOKUP(TRIM(Table1[[#This Row],[Status2]]),Data_profiling!$A$9:$A$14,Data_profiling!$B$9:$B$14,"Checkmanually") -> Active | K34: Active
A35: PRD034 | B35: Nescafe Coffee 500g | C35: Beverages | D35: Coffee | E35: Nescafe | F35: 97.35 | G35: 124.84 | H35: SUP037 | I35: Monsoon | J35: =_xlfn.XLOOKUP(TRIM(Table1[[#This Row],[Status2]]),Data_profiling!$A$9:$A$14,Data_profiling!$B$9:$B$14,"Checkmanually") -> Active | K35: Active
A36: PRD035 | B36: Coca-Cola Coffee 500g | C36: Beverages | D36: Coffee | E36: Coca-Cola | F36: 389.8 | G36: 503.36 | H36: SUP031 | I36: Summer | J36: =_xlfn.XLOOKUP(TRIM(Table1[[#This Row],[Status2]]),Data_profiling!$A$9:$A$14,Data_profiling!$B$9:$B$14,"Checkmanually") -> Active | K36: Active
... A48: PRD047 | B48: Lays Chocolates Combo | C48: Snacks | D48: Chocolates | E48: Lays | F48: 343.89 | G48: 474.19 | H48: SUP049 | I48: Winter | J48: =_xlfn.XLOOKUP(TRIM(Table1[[#This Row],[Status2]]),Data_profiling!$A$9:$A$14,Data_profiling!$B$9:$B$14,"Checkmanually") -> Active | K48: Active
A49: PRD048 | B49: Lays Chocolates 1kg | C49: Snacks | D49: Chocolates | E49: Lays | F49: 109.21 | G49: 147.72 | H49: SUP037 | J49: =_xlfn.XLOOKUP(TRIM(Table1[[#This Row],[Status2]]),Data_profiling!$A$9:$A$14,Data_profiling!$B$9:$B$14,"Checkmanually") -> Active | K49: Active
A50: PRD049 | B50: Cadbury Chips 1kg | C50: Snacks | D50: Chips | E50: Cadbury | F50: 308.94 | G50: 418.79 | H50: SUP013 | I50: Monsoon | J50: =_xlfn.XLOOKUP(TRIM(Table1[[#This Row],[Status2]]),Data_profiling!$A$9:$A$14,Data_profiling!$B$9:$B$14,"Checkmanually") -> Active | K50: Active
A51: PRD050 | B51: Parle Namkeen 500g | C51: Snacks | D51: Namkeen | E51: Parle | F51: 37.48 | G51: 51.33 | H51: SUP038 | I51: Winter | J51: =_xlfn.XLOOKUP(TRIM(Table1[[#This Row],[Status2]]),Data_profiling!$A$9:$A$14,Data_profiling!$B$9:$B$14,"Checkmanually") -> Active | K51: Active
A52: PRD051 | B52: Cadbury Biscuits 250ml | C52: Snacks | D52: Biscuits | E52: Cadbury | F52: 112.8 | G52: 147.97 | H52: SUP024 | I52: Summer | J52: =_xlfn.XLOOKUP(TRIM(Table1[[#This Row],[Status2]]),Data_profiling!$A$9:$A$14,Data_profiling!$B$9:$B$14,"Checkmanually") -> Active | K52: Active
A53: PRD052 | B53: Lays Namkeen 200g | C53: Snacks | D53: Namkeen | E53: Lays | F53: 255.49 | G53: 328.59 | H53: SUP075 | I53: Summer | J53: =_xlfn.XLOOKUP(TRIM(Table1[[#This Row],[Status2]]),Data_profiling!$A$9:$A$14,Data_profiling!$B$9:$B$14,"Checkmanually") -> Active | K53: Active
A54: PRD053 | B54: Cadbury Namkeen Pack | C54: Snacks | D54: Namkeen | E54: Cadbury | F54: 194.64 | G54: 262.77 | H54: SUP060 | I54: Winter | J54: =_xlfn.XLOOKUP(TRIM(Table1[[#This Row],[Status2]]),Data_profiling!$A$9:$A$14,Data_profiling!$B$9:$B$14,"Checkmanually") -> Active | K54: Active
A55: PRD054 | B55: Lays Namkeen 2kg | C55: Snacks | D55: Namkeen | E55: Lays | F55: 379.19 | G55: 530.16 | H55: SUP039 | I55: Monsoon | J55: =_xlfn.XLOOKUP(TRIM(Table1[[#This Row],[Status2]]),Data_profiling!$A$9:$A$14,Data_profiling!$B$9:$B$14,"Checkmanually") -> Active | K55: Active
A56: PRD055 | B56: Cadbury Biscuits Pack | C56: Snacks | D56: Biscuits | E56: Cadbury | F56: 95.7 | G56: 125.15 | H56: SUP062 | I56: All Season | J56: =_xlfn.XLOOKUP(TRIM(Table1[[#This Row],[Status2]]),Data_profiling!$A$9:$A$14,Data_profiling!$B$9:$B$14,"Checkmanually") -> Active | K56: Active
A57: PRD056 | B57: Cadbury Namkeen Combo | C57: Snacks | D57: Namkeen | E57: Cadbury | F57: 238.43 | G57: 333.54 | H57: SUP038 | I57: All Season | J57: =_xlfn.XLOOKUP(TRIM(Table1[[#This Row],[Status2]]),Data_profiling!$A$9:$A$14,Data_profiling!$B$9:$B$14,"Checkmanually") -> Active | K57: Active
A58: PRD057 | B58: Parle Chocolates 500g | C58: Snacks | D58: Chocolates | E58: Parle | F58: 235.05 | G58: 317.99 | H58: SUP007 | I58: Festive | J58: =_xlfn.XLOOKUP(TRIM(Table1[[#This Row],[Status2]]),Data_profiling!$A$9:$A$14,Data_profiling!$B$9:$B$14,"Checkmanually") -> Active | K58: Active
A59: PRD058 | B59: Himalaya Skin Care 1L | C59: Personal Care | D59: Skin Care | E59: Himalaya | F59: 250.68 | G59: 339.13 | H59: SUP082 | I59: Summer | J59: =_xlfn.XLOOKUP(TRIM(Table1[[#This Row],[Status2]]),Data_profiling!$A$9:$A$14,Data_profiling!$B$9:$B$14,"Checkmanually") -> Active | K59: Active
A60: PRD059 | B60: Colgate Toothpaste 1kg | C60: Personal Care | D60: Toothpaste | E60: Colgate | F60: 363.29 | G60: 507.5 | H60: SUP040 | I60: Monsoon | J60: =_xlfn.XLOOKUP(TRIM(Table1[[#This Row],[Status2]]),Data_profiling!$A$9:$A$14,Data_profiling!$B$9:$B$14,"Checkmanually") -> Active | K60: Active
A61: PRD060 | B61: Himalaya Soap 250ml | C61: Personal Care | D61: Soap | F61: 54.25 | G61: 72.93 | H61: SUP054 | I61: Summer | J61: =_xlfn.XLOOKUP(TRIM(Table1[[#This Row],[Status2]]),Data_profiling!$A$9:$A$14,Data_profiling!$B$9:$B$14,"Checkmanually") -> Active | K61: Active
A62: PRD061 | B62: Colgate Shampoo Combo | C62: Personal Care | D62: Shampoo | E62: Colgate | F62: 221.72 | G62: 318.62 | H62: SUP022 | I62: Winter | J62: =_xlfn.XLOOKUP(TRIM(Table1[[#This Row],[Status2]]),Data_profiling!$A$9:$A$14,Data_profiling!$B$9:$B$14,"Checkmanually") -> Active | K62: Active
A63: PRD062 | B63: Himalaya Skin Care Combo | C63: Personal Care | D63: Skin Care | E63: Himalaya | F63: 325.61 | G63: 298.81 | H63: SUP010 | I63: Summer | J63: =_xlfn.XLOOKUP(TRIM(Table1[[#This Row],[Status2]]),Data_profiling!$A$9:$A$14,Data_profiling!$B$9:$B$14,"Checkmanually") -> Active | K63: Active
A64: PRD063 | B64: Patanjali Shampoo Combo | C64: Personal Care | D64: Shampoo | E64: Patanjali | F64: 54.32 | G64: 42.16 | H64: SUP034 | I64: Festive | J64: =_xlfn.XLOOKUP(TRIM(Table1[[#This Row],[Status2]]),Data_profiling!$A$9:$A$14,Data_profiling!$B$9:$B$14,"Checkmanually") -> Active | K64: Active
A65: PRD064 | B65: Patanjali Soap Combo | C65: Personal Care | D65: Soap | E65: Patanjali | F65: 275.67 | G65: 386.17 | H65: SUP075 | I65: Monsoon | J65: =_xlfn.XLOOKUP(TRIM(Table1[[#This Row],[Status2]]),Data_profiling!$A$9:$A$14,Data_profiling!$B$9:$B$14,"Checkmanually") -> Active | K65: Active
A66: PRD065 | B66: Dove Toothpaste 1L | C66: Personal Care | D66: Toothpaste | E66: Dove | F66: 199.16 | G66: 159.5 | H66: SUP072 | I66: Winter | J66: =_xlfn.XLOOKUP(TRIM(Table1[[#This Row],[Status2]]),Data_profiling!$A$9:$A$14,Data_profiling!$B$9:$B$14,"Checkmanually") -> Active | K66: Active
A67: PRD066 | B67: Dove Shampoo 2kg | C67: Personal Care | D67: Shampoo | E67: Dove | F67: 365.57 | G67: 491.81 | H67: SUP053 | I67: All Season | J67: =_xlfn.XLOOKUP(TRIM(Table1[[#This Row],[Status2]]),Data_profiling!$A$9:$A$14,Data_profiling!$B$9:$B$14,"Checkmanually") -> Active | K67: Active
A68: PRD067 | B68: Dove Shampoo 500g | C68: Personal Care | D68: Shampoo | E68: Dove | F68: 135.66 | G68: 186.38 | H68: SUP013 | I68: Summer | J68: =_xlfn.XLOOKUP(TRIM(Table1[[#This Row],[Status2]]),Data_profiling!$A$9:$A$14,Data_profiling!$B$9:$B$14,"Checkmanually") -> Active | K68: Active
A69: PRD068 | B69: Patanjali Shampoo 2kg | C69: Personal Care | D69: Shampoo | E69: Patanjali | F69: 160.98 | G69: 232.2 | H69: SUP070 | I69: Monsoon | J69: =_xlfn.XLOOKUP(TRIM(Table1[[#This Row],[Status2]]),Data_profiling!$A$9:$A$14,Data_profiling!$B$9:$B$14,"Checkmanually") -> Active | K69: Active
A70: PRD069 | B70: Patanjali Shampoo 1kg | C70: Personal Care | D70: Shampoo | E70: Patanjali | F70: 336.8 | G70: 468.94 | H70: SUP036 | I70: All Season | J70: =_xlfn.XLOOKUP(TRIM(Table1[[#This Row],[Status2]]),Data_profiling!$A$9:$A$14,Data_profiling!$B$9:$B$14,"Checkmanually") -> Active | K70: Active
A71: PRD070 | B71: Surf Excel Batteries 2kg | C71: Household | D71: Batteries | E71: Surf Excel | F71: 188.98 | G71: 233.47 | H71: SUP047 | I71: All Season | J71: =_xlfn.XLOOKUP(TRIM(Table1[[#This Row],[Status2]]),Data_profiling!$A$9:$A$14,Data_profiling!$B$9:$B$14,"Checkmanually") -> Active | K71: Active
A72: PRD071 | B72: Eveready Batteries Combo | C72: Household | D72: Batteries | E72: Eveready | F72: 43.01 | G72: 53.39 | H72: SUP016 | I72: Monsoon | J72: =_xlfn.XLOOKUP(TRIM(Table1[[#This Row],[Status2]]),Data_profiling!$A$9:$A$14,Data_profiling!$B$9:$B$14,"Checkmanually") -> Active | K72: Active
A73: PRD072 | B73: Eveready Detergent 1L | C73: Household | D73: Detergent | E73: Eveready | F73: 263.85 | G73: 340.25 | H73: SUP003 | I73: All Season | J73: =_xlfn.XLOOKUP(TRIM(Table1[[#This Row],[Status2]]),Data_profiling!$A$9:$A$14,Data_profiling!$B$9:$B$14,"Checkmanually") -> Active | K73: Active
... A79: PRD078 | B79: Vim Kitchenware Combo | C79: Household | D79: Kitchenware | E79: Vim | F79: 215.03 | G79: 261.55 | H79: SUP065 | I79: Summer | J79: =_xlfn.XLOOKUP(TRIM(Table1[[#This Row],[Status2]]),Data_profiling!$A$9:$A$14,Data_profiling!$B$9:$B$14,"Checkmanually") -> Active | K79: Active
A80: PRD079 | B80: Eveready Detergent Pack | C80: Household | D80: Detergent | E80: Eveready | F80: 194.06 | G80: 260.93 | H80: SUP008 | J80: =_xlfn.XLOOKUP(TRIM(Table1[[#This Row],[Status2]]),Data_profiling!$A$9:$A$14,Data_profiling!$B$9:$B$14,"Checkmanually") -> Active | K80: Active
A81: PRD080 | B81: Vim Kitchenware 1kg | C81: Household | D81: Kitchenware | E81: Vim | F81: 206.3 | G81: 275.71 | H81: SUP010 | I81: All Season | J81: =_xlfn.XLOOKUP(TRIM(Table1[[#This Row],[Status2]]),Data_profiling!$A$9:$A$14,Data_profiling!$B$9:$B$14,"Checkmanually") -> Active | K81: Active
A82: PRD081 | B82: Eveready Batteries 250ml | C82: Household | D82: Batteries | E82: Eveready | F82: 44.96 | G82: 55.81 | H82: SUP082 | I82: Festive | J82: =_xlfn.XLOOKUP(TRIM(Table1[[#This Row],[Status2]]),Data_profiling!$A$9:$A$14,Data_profiling!$B$9:$B$14,"Checkmanually") -> Active | K82: Active
A83: PRD082 | B83: Organic Fresh Fresh Fruits Pack | C83: Fruits | D83: Fresh Fruits | E83: Organic Fresh | F83: 192.41 | G83: 232.92 | H83: SUP013 | I83: All Season | J83: =_xlfn.XLOOKUP(TRIM(Table1[[#This Row],[Status2]]),Data_profiling!$A$9:$A$14,Data_profiling!$B$9:$B$14,"Checkmanually") -> Active | K83: Active
A84: PRD083 | B84: Organic Fresh Fresh Fruits 2kg | C84: FRUITS | D84: Fresh Fruits | E84: Organic Fresh | F84: 357.47 | G84: 425.88 | H84: SUP059 | I84: Monsoon | J84: =_xlfn.XLOOKUP(TRIM(Table1[[#This Row],[Status2]]),Data_profiling!$A$9:$A$14,Data_profiling!$B$9:$B$14,"Checkmanually") -> Active | K84: Active
A85: PRD084 | B85: Local Farm Fresh Fruits Combo | C85: Fruits | D85: Fresh Fruits | E85: Local Farm | F85: 182.17 | G85: 221.61 | H85: SUP048 | I85: Summer | J85: =_xlfn.XLOOKUP(TRIM(Table1[[#This Row],[Status2]]),Data_profiling!$A$9:$A$14,Data_profiling!$B$9:$B$14,"Checkmanually") -> Inactive | K85: In-Active
A86: PRD085 | B86: Local Farm Fresh Fruits 1kg | C86: Fruits | D86: Fresh Fruits | E86: Local Farm | F86: 336.07 | G86: 389.61 | H86: SUP013 | I86: Winter | J86: =_xlfn.XLOOKUP(TRIM(Table1[[#This Row],[Status2]]),Data_profiling!$A$9:$A$14,Data_profiling!$B$9:$B$14,"Checkmanually") -> Active | K86: Active
A87: PRD086 | B87: Local Farm Fresh Fruits Combo v2 | C87: Fruits | D87: Fresh Fruits | E87: Local Farm | F87: 274.61 | G87: 327.08 | H87: SUP055 | I87: All Season | J87: =_xlfn.XLOOKUP(TRIM(Table1[[#This Row],[Status2]]),Data_profiling!$A$9:$A$14,Data_profiling!$B$9:$B$14,"Checkmanually") -> Active | K87: Active
A88: PRD087 | B88: Organic Fresh Fresh Fruits Combo | C88: Fruits | D88: Fresh Fruits | E88: Organic Fresh | F88: 59.37 | G88: 71.29 | H88: SUP020 | I88: Monsoon | J88: =_xlfn.XLOOKUP(TRIM(Table1[[#This Row],[Status2]]),Data_profiling!$A$9:$A$14,Data_profiling!$B$9:$B$14,"Checkmanually") -> Active | K88: Active
A89: PRD088 | B89: Local Farm Fresh Fruits Combo v3 | C89: Fruits | D89: Fresh Fruits | E89: Local Farm | F89: 341.24 | G89: 404.97 | H89: SUP036 | I89: Festive | J89: =_xlfn.XLOOKUP(TRIM(Table1[[#This Row],[Status2]]),Data_profiling!$A$9:$A$14,Data_profiling!$B$9:$B$14,"Checkmanually") -> Active | K89: Active
A90: PRD089 | B90: Organic Fresh Fresh Fruits 500g | C90: Fruits | D90: Fresh Fruits | E90: Organic Fresh | F90: 251.42 | G90: 305.67 | H90: SUP035 | I90: All Season | J90: =_xlfn.XLOOKUP(TRIM(Table1[[#This Row],[Status2]]),Data_profiling!$A$9:$A$14,Data_profiling!$B$9:$B$14,"Checkmanually") -> Active | K90: Active
A91: PRD090 | B91: Organic Fresh Fresh Fruits Pack v2 | C91: Fruits | D91: Fresh Fruits | E91: Organic Fresh | F91: 370.18 | G91: 438.7 | H91: SUP024 | I91: Summer | J91: =_xlfn.XLOOKUP(TRIM(Table1[[#This Row],[Status2]]),Data_profiling!$A$9:$A$14,Data_profiling!$B$9:$B$14,"Checkmanually") -> Active | K91: Active
A92: PRD091 | B92: Local Farm Fresh Fruits 250ml | C92: Fruits | D92: Fresh Fruits | E92: Local Farm | F92: 301.57 | G92: 376.11 | H92: SUP012 | I92: Festive | J92: =_xlfn.XLOOKUP(TRIM(Table1[[#This Row],[Status2]]),Data_profiling!$A$9:$A$14,Data_profiling!$B$9:$B$14,"Checkmanually") -> Active | K92: Active
... A94: PRD093 | B94: Local Farm Fresh Vegetables 250ml | C94: Vegetables | D94: Fresh Vegetables | E94: Local Farm | F94: 79.82 | G94: 96.72 | H94: SUP011 | I94: Winter | J94: =_xlfn.XLOOKUP(TRIM(Table1[[#This Row],[Status2]]),Data_profiling!$A$9:$A$14,Data_profiling!$B$9:$B$14,"Checkmanually") -> Active | K94: Active
A95: PRD094 | B95: Organic Fresh Fresh Vegetables 2kg | C95: Vegetables | D95: Fresh Vegetables | F95: 250.69 | G95: 298.68 | H95: SUP028 | I95: Festive | J95: =_xlfn.XLOOKUP(TRIM(Table1[[#This Row],[Status2]]),Data_profiling!$A$9:$A$14,Data_profiling!$B$9:$B$14,"Checkmanually") -> Active | K95: Active
A96: PRD095 | B96: Organic Fresh Fresh Vegetables 200g | C96: Vegetables | D96: Fresh Vegetables | E96: Organic Fresh | F96: 62.14 | G96: 75.68 | H96: SUP076 | I96: Monsoon | J96: =_xlfn.XLOOKUP(TRIM(Table1[[#This Row],[Status2]]),Data_profiling!$A$9:$A$14,Data_profiling!$B$9:$B$14,"Checkmanually") -> Active | K96: Active
A97: PRD096 | B97: Local Farm Fresh Vegetables 1L | C97: Vegetables | D97: Fresh Vegetables | E97: Local Farm | F97: 170.2 | G97: 205.93 | H97: SUP001 | I97: Summer | J97: =_xlfn.XLOOKUP(TRIM(Table1[[#This Row],[Status2]]),Data_profiling!$A$9:$A$14,Data_profiling!$B$9:$B$14,"Checkmanually") -> Active | K97: Active
A98: PRD097 | B98: Local Farm Fresh Vegetables 250ml v2 | C98: Vegetables | D98: Fresh Vegetables | E98: Local Farm | F98: 310.38 | G98: 365.92 | H98: SUP016 | I98: All Season | J98: =_xlfn.XLOOKUP(TRIM(Table1[[#This Row],[Status2]]),Data_profiling!$A$9:$A$14,Data_profiling!$B$9:$B$14,"Checkmanually") -> Active | K98: Active
A99: PRD098 | B99: Organic Fresh Fresh Vegetables 250ml | C99: Vegetables | D99: Fresh Vegetables | F99: 69.09 | G99: 83.13 | H99: SUP030 | I99: Festive | J99: =_xlfn.XLOOKUP(TRIM(Table1[[#This Row],[Status2]]),Data_profiling!$A$9:$A$14,Data_profiling!$B$9:$B$14,"Checkmanually") -> Active | K99: Active
A100: PRD099 | B100: Local Farm Fresh Vegetables 200g | C100: Vegetables | D100: Fresh Vegetables | E100: Local Farm | F100: 347.47 | G100: 401.06 | H100: SUP003 | I100: Monsoon | J100: =_xlfn.XLOOKUP(TRIM(Table1[[#This Row],[Status2]]),Data_profiling!$A$9:$A$14,Data_profiling!$B$9:$B$14,"Checkmanually") -> Active | K100: Active
A101: PRD100 | B101: Organic Fresh Fresh Vegetables 200g v2 | C101: Vegetables | D101: Fresh Vegetables | E101: Organic Fresh | F101: 237.89 | G101: 290.45 | H101: SUP054 | I101: Winter | J101: =_xlfn.XLOOKUP(TRIM(Table1[[#This Row],[Status2]]),Data_profiling!$A$9:$A$14,Data_profiling!$B$9:$B$14,"Checkmanually") -> Active | K101: Active
A102: PRD101 | B102: Organic Fresh Fresh Vegetables 500g | C102: Vegetables | D102: Fresh Vegetables | E102: Organic Fresh | F102: 387.16 | G102: 451.89 | H102: SUP080 | I102: Monsoon | J102: =_xlfn.XLOOKUP(TRIM(Table1[[#This Row],[Status2]]),Data_profiling!$A$9:$A$14,Data_profiling!$B$9:$B$14,"Checkmanually") -> Active | K102: Active
A103: PRD102 | B103: Local Farm Fresh Vegetables 200g v2 | C103: Vegetables | D103: Fresh Vegetables | E103: Local Farm | F103: 340.9 | G103: 400.33 | H103: SUP076 | I103: Monsoon | J103: =_xlfn.XLOOKUP(TRIM(Table1[[#This Row],[Status2]]),Data_profiling!$A$9:$A$14,Data_profiling!$B$9:$B$14,"Checkmanually") -> Active | K103: Active
A104: PRD103 | B104: Organic Fresh Fresh Vegetables Pack | C104: Vegetables | D104: Fresh Vegetables | E104: Organic Fresh | F104: 303.41 | G104: 355.64 | H104: SUP022 | I104: All Season | J104: =_xlfn.XLOOKUP(TRIM(Table1[[#This Row],[Status2]]),Data_profiling!$A$9:$A$14,Data_profiling!$B$9:$B$14,"Checkmanually") -> Active | K104: Active
A105: PRD104 | B105: Local Farm Fresh Vegetables Combo | C105: Vegetables | D105: Fresh Vegetables | E105: Local Farm | F105: 153.42 | G105: 191.13 | H105: SUP083 | I105: Summer | J105: =_xlfn.XLOOKUP(TRIM(Table1[[#This Row],[Status2]]),Data_profiling!$A$9:$A$14,Data_profiling!$B$9:$B$14,"Checkmanually") -> Active | K105: Active
A106: PRD105 | B106: India Gate Basmati Rice 250ml | C106: Rice | D106: Basmati Rice | E106: India Gate | F106: 117.27 | G106: 131.03 | H106: SUP020 | I106: All Season | J106: =_xlfn.XLOOKUP(TRIM(Table1[[#This Row],[Status2]]),Data_profiling!$A$9:$A$14,Data_profiling!$B$9:$B$14,"Checkmanually") -> Active | K106: Active
A107: PRD106 | B107: Aachi Basmati Rice 2kg | C107: Rice | D107: Basmati Rice | E107: Aachi | F107: 196.3 | G107: 227 | H107: SUP075 | I107: Monsoon | J107: =_xlfn.XLOOKUP(TRIM(Table1[[#This Row],[Status2]]),Data_profiling!$A$9:$A$14,Data_profiling!$B$9:$B$14,"Checkmanually") -> Active | K107: Active
A108: PRD107 | B108: Aachi Idli Rice Combo | C108: Rice | D108: Idli Rice | E108: Aachi | F108: 348.41 | G108: 405.1 | H108: SUP020 | I108: Monsoon | J108: =_xlfn.XLOOKUP(TRIM(Table1[[#This Row],[Status2]]),Data_profiling!$A$9:$A$14,Data_profiling!$B$9:$B$14,"Checkmanually") -> Active | K108: Active
A109: PRD108 | B109: Daawat Basmati Rice 2kg | C109: Rice | D109: Basmati Rice | E109: Daawat | F109: 259.93 | G109: 306.62 | H109: SUP076 | I109: All Season | J109: =_xlfn.XLOOKUP(TRIM(Table1[[#This Row],[Status2]]),Data_profiling!$A$9:$A$14,Data_profiling!$B$9:$B$14,"Checkmanually") -> Active | K109: Active
A110: PRD109 | B110: Aachi Ponni Rice 1kg | C110: Rice | D110: Ponni Rice | E110: Aachi | F110: 137.95 | G110: 157.98 | H110: SUP008 | I110: Winter | J110: =_xlfn.XLOOKUP(TRIM(Table1[[#This Row],[Status2]]),Data_profiling!$A$9:$A$14,Data_profiling!$B$9:$B$14,"Checkmanually") -> Active | K110: Active
A111: PRD110 | B111: India Gate Ponni Rice 1kg | C111: Rice | D111: Ponni Rice | E111: India Gate | F111: 253.7 | G111: 291.93 | H111: SUP060 | I111: Festive | J111: =_xlfn.XLOOKUP(TRIM(Table1[[#This Row],[Status2]]),Data_profiling!$A$9:$A$14,Data_profiling!$B$9:$B$14,"Checkmanually") -> Active | K111: Active
A112: PRD111 | B112: Aachi Idli Rice 500g | C112: Rice | D112: Idli Rice | E112: Aachi | F112: 190.9 | G112: 225.45 | H112: SUP084 | I112: Summer | J112: =_xlfn.XLOOKUP(TRIM(Table1[[#This Row],[Status2]]),Data_profiling!$A$9:$A$14,Data_profiling!$B$9:$B$14,"Checkmanually") -> Active | K112: Active
A113: PRD112 | B113: Aachi Ponni Rice 2kg | C113: Rice | D113: Ponni Rice | F113: 210.52 | G113: 251.73 | H113: SUP058 | I113: All Season | J113: =_xlfn.XLOOKUP(TRIM(Table1[[#This Row],[Status2]]),Data_profiling!$A$9:$A$14,Data_profiling!$B$9:$B$14,"Checkmanually") -> Active | K113: Active
A114: PRD113 | B114: Aachi Ponni Rice 1kg v2 | C114: Rice | D114: Ponni Rice | E114: Aachi | F114: 211.73 | G114: 236.56 | H114: SUP032 | I114: Monsoon | J114: =_xlfn.XLOOKUP(TRIM(Table1[[#This Row],[Status2]]),Data_profiling!$A$9:$A$14,Data_profiling!$B$9:$B$14,"Checkmanually") -> Active | K114: Active
A115: PRD114 | B115: Aachi Ponni Rice 250ml | C115: Rice | D115: Ponni Rice | E115: Aachi | F115: 158.28 | G115: 188.64 | H115: SUP050 | I115: Monsoon | J115: =_xlfn.XLOOKUP(TRIM(Table1[[#This Row],[Status2]]),Data_profiling!$A$9:$A$14,Data_profiling!$B$9:$B$14,"Checkmanually") -> Active | K115: Active
A116: PRD115 | B116: Aachi Ponni Rice 500g | C116: Rice | D116: Ponni Rice | E116: Aachi | F116: 319.91 | G116: 372.61 | H116: SUP009 | I116: Winter | J116: =_xlfn.XLOOKUP(TRIM(Table1[[#This Row],[Status2]]),Data_profiling!$A$9:$A$14,Data_profiling!$B$9:$B$14,"Checkmanually") -> Active | K116: Active
A117: PRD116 | B117: Aachi Basmati Rice 200g | C117: Rice | D117: Basmati Rice | E117: Aachi | F117: 127.98 | G117: 150.04 | H117: SUP085 | I117: Festive | J117: =_xlfn.XLOOKUP(TRIM(Table1[[#This Row],[Status2]]),Data_profiling!$A$9:$A$14,Data_profiling!$B$9:$B$14,"Checkmanually") -> Active | K117: Active
A118: PRD117 | B118: Idhayam Groundnut Oil 1kg | C118: Oil | D118: Groundnut Oil | E118: Idhayam | F118: 241.44 | G118: 268.32 | H118: SUP045 | I118: Winter | J118: =_xlfn.XLOOKUP(TRIM(Table1[[#This Row],[Status2]]),Data_profiling!$A$9:$A$14,Data_profiling!$B$9:$B$14,"Checkmanually") -> Active | K118: Active
A119: PRD118 | B119: Local Farm Fresh Fruits 1kg | C119: Oil | D119: Gingelly Oil | E119: Fortune | F119: 137.64 | G119: 155.55 | H119: SUP043 | I119: Summer | J119: =_xlfn.XLOOKUP(TRIM(Table1[[#This Row],[Status2]]),Data_profiling!$A$9:$A$14,Data_profiling!$B$9:$B$14,"Checkmanually") -> Active | K119: Active
A120: PRD119 | B120: Gold Winner Sunflower Oil 200g | C120: Oil | D120: Sunflower Oil | E120: Gold Winner | F120: 213.23 | G120: 234.86 | H120: SUP040 | J120: =_xlfn.XLOOKUP(TRIM(Table1[[#This Row],[Status2]]),Data_profiling!$A$9:$A$14,Data_profiling!$B$9:$B$14,"Checkmanually") -> Active | K120: Active
A121: PRD120 | B121: Idhayam Groundnut Oil 2kg | C121: Oil | D121: Groundnut Oil | E121: Idhayam | F121: 92.96 | G121: 109.69 | H121: SUP020 | I121: All Season | J121: =_xlfn.XLOOKUP(TRIM(Table1[[#This Row],[Status2]]),Data_profiling!$A$9:$A$14,Data_profiling!$B$9:$B$14,"Checkmanually") -> Active | K121: Active
A122: PRD121 | B122: Fortune Coconut Oil 500g | C122: Oil | D122: Coconut Oil | E122: Fortune | F122: 271.53 | G122: 223.15 | H122: SUP080 | I122: Summer | J122: =_xlfn.XLOOKUP(TRIM(Table1[[#This Row],[Status2]]),Data_profiling!$A$9:$A$14,Data_profiling!$B$9:$B$14,"Checkmanually") -> Active | K122: Active
A123: PRD122 | B123: Fortune Gingelly Oil 250ml | C123: Oil | D123: Gingelly Oil | E123: Fortune | F123: 88.72 | G123: 102.51 | H123: SUP080 | I123: Summer | J123: =_xlfn.XLOOKUP(TRIM(Table1[[#This Row],[Status2]]),Data_profiling!$A$9:$A$14,Data_profiling!$B$9:$B$14,"Checkmanually") -> Active | K123: Active
A124: PRD123 | B124: Fortune Gingelly Oil 200g | C124: Oil | D124: Gingelly Oil | E124: Fortune | F124: 158.43 | G124: 183.39 | H124: SUP057 | J124: =_xlfn.XLOOKUP(TRIM(Table1[[#This Row],[Status2]]),Data_profiling!$A$9:$A$14,Data_profiling!$B$9:$B$14,"Checkmanually") -> Active | K124: Active
A125: PRD124 | B125: Gold Winner Coconut Oil 2kg | C125: Oil | D125: Coconut Oil | E125: Gold Winner | F125: 108.92 | G125: 121.9 | H125: SUP061 | I125: Summer | J125: =_xlfn.XLOOKUP(TRIM(Table1[[#This Row],[Status2]]),Data_profiling!$A$9:$A$14,Data_profiling!$B$9:$B$14,"Checkmanually") -> Active | K125: Active
A126: PRD125 | B126: Gold Winner Coconut Oil 2kg v2 | C126: Oil | D126: Coconut Oil | E126: Gold Winner | F126: 195.44 | G126: 219.39 | H126: SUP049 | I126: Festive | J126: =_xlfn.XLOOKUP(TRIM(Table1[[#This Row],[Status2]]),Data_profiling!$A$9:$A$14,Data_profiling!$B$9:$B$14,"Checkmanually") -> Active | K126: Active
...

Sheet Data_profiling
A1: Column_name | B1: Issue_Description | C1: Columns_affected | D1: Changes_done
A2: Brand | B2: Blanks | C2: 5 | D2: Highlighted
A3: Season | B3: Blanks | C3: 5 | D3: Highlighted
A4: Status | B4: Different Formats | D4: Fixed using Mapping
A9: actiive | B9: Active
A10: Active | B10: Active
A11: Actve | B11: Active
A12: Inactive | B12: Inactive
A13: Inactve | B13: Inactive
A14: In-active | B14: Inactive
